id,second_category_id,third_category,created_at,updated_at
1,1,Tシャツ/カットソー(半袖/袖なし),0000-00-00 00:00:00,0000-00-00 00:00:00
2,1,Tシャツ/カットソー(七分/長袖),0000-00-00 00:00:00,0000-00-00 00:00:00
3,1,シャツ/ブラウス(半袖/袖なし),0000-00-00 00:00:00,0000-00-00 00:00:00
4,1,シャツ/ブラウス(半袖/袖なし),0000-00-00 00:00:00,0000-00-00 00:00:00
5,1,ポロシャツ,0000-00-00 00:00:00,0000-00-00 00:00:00
6,1,キャミソール,0000-00-00 00:00:00,0000-00-00 00:00:00
7,1,タンクトップ,0000-00-00 00:00:00,0000-00-00 00:00:00
8,1,ホルターネック,0000-00-00 00:00:00,0000-00-00 00:00:00
9,1,ニット/セーター,0000-00-00 00:00:00,0000-00-00 00:00:00
10,1,チュニック,0000-00-00 00:00:00,0000-00-00 00:00:00
11,1,カーディガン/ボレロ,0000-00-00 00:00:00,0000-00-00 00:00:00
12,1,ベスト/ジレ,0000-00-00 00:00:00,0000-00-00 00:00:00
13,1,パーカー,0000-00-00 00:00:00,0000-00-00 00:00:00
14,1,トレーナー/スウェット,0000-00-00 00:00:00,0000-00-00 00:00:00
15,1,ベアトップ/チューブトップ,0000-00-00 00:00:00,0000-00-00 00:00:00
16,1,ジャージ,0000-00-00 00:00:00,0000-00-00 00:00:00
17,1,その他,0000-00-00 00:00:00,0000-00-00 00:00:00
18,2,テーラードジャケット,0000-00-00 00:00:00,0000-00-00 00:00:00
19,2,ノーカラージャケット,0000-00-00 00:00:00,0000-00-00 00:00:00
20,2,Gジャン/デニムジャケット,0000-00-00 00:00:00,0000-00-00 00:00:00
21,2,レザージャケット,0000-00-00 00:00:00,0000-00-00 00:00:00
22,2,ダウンジャケット,0000-00-00 00:00:00,0000-00-00 00:00:00
23,2,ライダースジャケット,0000-00-00 00:00:00,0000-00-00 00:00:00
24,2,ミリタリージャケット,0000-00-00 00:00:00,0000-00-00 00:00:00
25,2,ダウンベスト,0000-00-00 00:00:00,0000-00-00 00:00:00
26,2,ジャンパー/ブルゾン,0000-00-00 00:00:00,0000-00-00 00:00:00
27,2,ポンチョ,0000-00-00 00:00:00,0000-00-00 00:00:00
28,2,トレンチコート,0000-00-00 00:00:00,0000-00-00 00:00:00
29,2,ダッフルコート,0000-00-00 00:00:00,0000-00-00 00:00:00
30,2,ピーコート,0000-00-00 00:00:00,0000-00-00 00:00:00
31,2,チェスターコート,0000-00-00 00:00:00,0000-00-00 00:00:00
32,2,モッズコート,0000-00-00 00:00:00,0000-00-00 00:00:00
33,2,スタジャン,2019-06-07 12:08:42,2019-06-07 12:08:42
34,2,毛皮/ファーコート,2019-06-07 12:08:42,2019-06-07 12:08:42
35,2,スプリングコート,2019-06-07 12:08:42,2019-06-07 12:08:42
36,2,スカジャン,2019-06-07 12:08:42,2019-06-07 12:08:42
37,2,その他,2019-06-07 12:08:42,2019-06-07 12:08:42
38,3,デニム/ジーンズ,2019-06-07 12:08:42,2019-06-07 12:08:42
39,3,ショートパンツ,2019-06-07 12:08:42,2019-06-07 12:08:42
40,3,カジュアルパンツ,2019-06-07 12:08:42,2019-06-07 12:08:42
41,3,ハーフパンツ,2019-06-07 12:08:42,2019-06-07 12:08:42
42,3,チノパン,2019-06-07 12:08:42,2019-06-07 12:08:42
43,3,ワークパンツ/カーゴパンツ,2019-06-07 12:08:42,2019-06-07 12:08:42
44,3,クロップドパンツ,2019-06-07 12:08:42,2019-06-07 12:08:42
45,3,サロペット/オーバーオール,2019-06-07 12:08:42,2019-06-07 12:08:42
46,3,オールインワン,2019-06-07 12:08:42,2019-06-07 12:08:42
47,3,サルエルパンツ,2019-06-07 12:08:42,2019-06-07 12:08:42
48,3,ガウチョパンツ,2019-06-07 12:08:42,2019-06-07 12:08:42
49,3,その他,2019-06-07 12:08:42,2019-06-07 12:08:42
50,4,ミニスカート,2019-06-07 12:08:42,2019-06-07 12:08:42
51,4,ひざ丈スカート,2019-06-07 12:08:42,2019-06-07 12:08:42
52,4,ロングスカート,2019-06-07 12:08:42,2019-06-07 12:08:42
53,4,キュロット,2019-06-07 12:08:42,2019-06-07 12:08:42
54,4,その他,2019-06-07 12:08:42,2019-06-07 12:08:42
55,5,ミニワンピース,2019-06-07 12:08:42,2019-06-07 12:08:42
56,5,ひざ丈ワンピース,2019-06-07 12:08:42,2019-06-07 12:08:42
57,5,ロングワンピース,2019-06-07 12:08:42,2019-06-07 12:08:42
58,5,その他,2019-06-07 12:08:42,2019-06-07 12:08:42
59,6,ハイヒール/パンプス,2019-06-07 12:08:42,2019-06-07 12:08:42
60,6,ブーツ,2019-06-07 12:08:42,2019-06-07 12:08:42
61,6,サンダル,2019-06-07 12:08:42,2019-06-07 12:08:42
62,6,スニーカー,2019-06-07 12:08:42,2019-06-07 12:08:42
63,6,ミュール,2019-06-07 12:08:42,2019-06-07 12:08:42
64,6,モカシン,2019-06-07 12:08:42,2019-06-07 12:08:42
65,6,ローファー/革靴,0000-00-00 00:00:00,0000-00-00 00:00:00
66,6,フラットシューズ/バレエシューズ,0000-00-00 00:00:00,0000-00-00 00:00:00
67,6,長靴/レインシューズ,0000-00-00 00:00:00,0000-00-00 00:00:00
68,6,その他,0000-00-00 00:00:00,0000-00-00 00:00:00
69,7,パジャマ,0000-00-00 00:00:00,0000-00-00 00:00:00
70,7,ルームウェア,0000-00-00 00:00:00,0000-00-00 00:00:00
71,8,ソックス,0000-00-00 00:00:00,0000-00-00 00:00:00
72,8,スパッツ/レギンス,0000-00-00 00:00:00,0000-00-00 00:00:00
73,8,ストッキング/タイツ,0000-00-00 00:00:00,0000-00-00 00:00:00
74,8,レッグウォーマー,0000-00-00 00:00:00,0000-00-00 00:00:00
75,8,その他,0000-00-00 00:00:00,0000-00-00 00:00:00
76,9,ニットキャップ/ビーニー,0000-00-00 00:00:00,0000-00-00 00:00:00
77,9,ハット,0000-00-00 00:00:00,0000-00-00 00:00:00
78,9,ハンチング/ベレー帽,0000-00-00 00:00:00,0000-00-00 00:00:00
79,9,キャップ,0000-00-00 00:00:00,0000-00-00 00:00:00
80,9,キャスケット,0000-00-00 00:00:00,0000-00-00 00:00:00
81,9,麦わら帽子,0000-00-00 00:00:00,0000-00-00 00:00:00
82,9,その他,0000-00-00 00:00:00,0000-00-00 00:00:00
83,10,ハンドバッグ,0000-00-00 00:00:00,0000-00-00 00:00:00
84,10,トートバッグ,0000-00-00 00:00:00,0000-00-00 00:00:00
85,10,エコバッグ,0000-00-00 00:00:00,0000-00-00 00:00:00
86,10,リュック/バックパック,0000-00-00 00:00:00,0000-00-00 00:00:00
87,10,ボストンバッグ,0000-00-00 00:00:00,0000-00-00 00:00:00
88,10,スポーツバッグ,0000-00-00 00:00:00,0000-00-00 00:00:00
89,10,ショルダーバッグ,0000-00-00 00:00:00,0000-00-00 00:00:00
90,10,クラッチバッグ,0000-00-00 00:00:00,0000-00-00 00:00:00
91,10,ポーチ/バニティ,0000-00-00 00:00:00,0000-00-00 00:00:00
92,10,ボディバッグ/ウエストバッグ,0000-00-00 00:00:00,0000-00-00 00:00:00
93,10,マザーズバッグ,0000-00-00 00:00:00,0000-00-00 00:00:00
94,10,メッセンジャーバッグ,0000-00-00 00:00:00,0000-00-00 00:00:00
95,10,ビジネスバッグ,0000-00-00 00:00:00,0000-00-00 00:00:00
96,10,旅行用バッグ/キャリーバッグ,0000-00-00 00:00:00,0000-00-00 00:00:00
97,10,ショップ袋,0000-00-00 00:00:00,0000-00-00 00:00:00
98,10,和装用バッグかごバッグ,0000-00-00 00:00:00,0000-00-00 00:00:00
99,10,その他,0000-00-00 00:00:00,0000-00-00 00:00:00
100,11,ネックレス,0000-00-00 00:00:00,0000-00-00 00:00:00
101,11,ブレスレット,0000-00-00 00:00:00,0000-00-00 00:00:00
102,11,バングル/リストバンド,0000-00-00 00:00:00,0000-00-00 00:00:00
103,11,リング,0000-00-00 00:00:00,0000-00-00 00:00:00
104,11,ピアス(片耳用),0000-00-00 00:00:00,0000-00-00 00:00:00
105,11,ピアス(両耳用),0000-00-00 00:00:00,0000-00-00 00:00:00
106,11,イヤリング,0000-00-00 00:00:00,0000-00-00 00:00:00
107,11,アンクレット,0000-00-00 00:00:00,0000-00-00 00:00:00
108,11,ブローチ/コサージュ,0000-00-00 00:00:00,0000-00-00 00:00:00
109,11,チャーム,0000-00-00 00:00:00,0000-00-00 00:00:00
110,11,その他,0000-00-00 00:00:00,0000-00-00 00:00:00
111,12,ヘアゴム/シュシュ,0000-00-00 00:00:00,0000-00-00 00:00:00
112,12,ヘアバンド/カチューシャ,0000-00-00 00:00:00,0000-00-00 00:00:00
113,12,ヘアピン,0000-00-00 00:00:00,0000-00-00 00:00:00
114,12,その他,0000-00-00 00:00:00,0000-00-00 00:00:00
115,13,長財布,0000-00-00 00:00:00,0000-00-00 00:00:00
116,13,折り財布,0000-00-00 00:00:00,0000-00-00 00:00:00
117,13,コインケース/小銭入れ,0000-00-00 00:00:00,0000-00-00 00:00:00
118,13,名刺入れ/定期入れ,0000-00-00 00:00:00,0000-00-00 00:00:00
119,13,キーケース,0000-00-00 00:00:00,0000-00-00 00:00:00
120,13,キーホルダー,0000-00-00 00:00:00,0000-00-00 00:00:00
121,13,手袋/アームカバー,0000-00-00 00:00:00,0000-00-00 00:00:00
122,13,ハンカチ,0000-00-00 00:00:00,0000-00-00 00:00:00
123,13,ベルト,0000-00-00 00:00:00,0000-00-00 00:00:00
124,13,マフラー/ショール,0000-00-00 00:00:00,0000-00-00 00:00:00
125,13,ストール/スヌード,0000-00-00 00:00:00,0000-00-00 00:00:00
126,13,バンダナ/スカーフ,0000-00-00 00:00:00,0000-00-00 00:00:00
127,13,ネックウォーマー,0000-00-00 00:00:00,0000-00-00 00:00:00
128,13,サスペンダー,0000-00-00 00:00:00,0000-00-00 00:00:00
129,13,サングラス/メガネ,0000-00-00 00:00:00,0000-00-00 00:00:00
130,13,モバイルケース/カバー,0000-00-00 00:00:00,0000-00-00 00:00:00
131,13,手帳,0000-00-00 00:00:00,0000-00-00 00:00:00
132,13,イヤマフラー,0000-00-00 00:00:00,0000-00-00 00:00:00
133,13,傘,0000-00-00 00:00:00,0000-00-00 00:00:00
134,13,レインコート/ポンチョ,0000-00-00 00:00:00,0000-00-00 00:00:00
135,13,ミラー,0000-00-00 00:00:00,0000-00-00 00:00:00
136,13,タバコグッズ,0000-00-00 00:00:00,0000-00-00 00:00:00
137,13,その他,0000-00-00 00:00:00,0000-00-00 00:00:00
138,14,腕時計(アナログ),0000-00-00 00:00:00,0000-00-00 00:00:00
139,14,腕時計(デジタル),0000-00-00 00:00:00,0000-00-00 00:00:00
140,14,ラバーベルト,0000-00-00 00:00:00,0000-00-00 00:00:00
141,14,レザーベルト,0000-00-00 00:00:00,0000-00-00 00:00:00
142,14,金属ベルト,0000-00-00 00:00:00,0000-00-00 00:00:00
143,14,その他,0000-00-00 00:00:00,0000-00-00 00:00:00
144,15,前髪ウィッグ,0000-00-00 00:00:00,0000-00-00 00:00:00
145,15,ロングストレート,0000-00-00 00:00:00,0000-00-00 00:00:00
146,15,ロングカール,0000-00-00 00:00:00,0000-00-00 00:00:00
147,15,ショートストレート,0000-00-00 00:00:00,0000-00-00 00:00:00
148,15,ショートカール,0000-00-00 00:00:00,0000-00-00 00:00:00
149,15,その他,0000-00-00 00:00:00,0000-00-00 00:00:00
150,16,浴衣,0000-00-00 00:00:00,0000-00-00 00:00:00
151,16,着物,0000-00-00 00:00:00,0000-00-00 00:00:00
152,16,振袖,0000-00-00 00:00:00,0000-00-00 00:00:00
153,16,長襦袢/半襦袢,0000-00-00 00:00:00,0000-00-00 00:00:00
154,16,水着セパレート,0000-00-00 00:00:00,0000-00-00 00:00:00
155,16,水着ワンピース,0000-00-00 00:00:00,0000-00-00 00:00:00
156,16,水着スポーツ用,0000-00-00 00:00:00,0000-00-00 00:00:00
157,16,その他,0000-00-00 00:00:00,0000-00-00 00:00:00
158,17,スカートスーツ上下,0000-00-00 00:00:00,0000-00-00 00:00:00
159,17,パンツスーツ上下,0000-00-00 00:00:00,0000-00-00 00:00:00
160,17,ドレス,0000-00-00 00:00:00,0000-00-00 00:00:00
161,17,パーティーバッグ,0000-00-00 00:00:00,0000-00-00 00:00:00
162,17,シューズ,0000-00-00 00:00:00,0000-00-00 00:00:00
163,17,ウェディング,0000-00-00 00:00:00,0000-00-00 00:00:00
164,17,その他,0000-00-00 00:00:00,0000-00-00 00:00:00
165,18,トップス,0000-00-00 00:00:00,0000-00-00 00:00:00
166,18,アウター,0000-00-00 00:00:00,0000-00-00 00:00:00
167,18,インナー,0000-00-00 00:00:00,0000-00-00 00:00:00
168,18,ワンピース,0000-00-00 00:00:00,0000-00-00 00:00:00
169,18,パンツ/スパッツ,0000-00-00 00:00:00,0000-00-00 00:00:00
170,18,スカート,0000-00-00 00:00:00,0000-00-00 00:00:00
171,18,パジャマ,0000-00-00 00:00:00,0000-00-00 00:00:00
172,18,授乳服,0000-00-00 00:00:00,0000-00-00 00:00:00
173,18,その他,0000-00-00 00:00:00,0000-00-00 00:00:00
174,19,コスプレ,0000-00-00 00:00:00,0000-00-00 00:00:00
175,19,下着,0000-00-00 00:00:00,0000-00-00 00:00:00
176,19,その他,0000-00-00 00:00:00,0000-00-00 00:00:00
177,20,Tシャツ/カットソー(半袖/袖なし),0000-00-00 00:00:00,0000-00-00 00:00:00
178,20,Tシャツ/カットソー(七分/長袖),0000-00-00 00:00:00,0000-00-00 00:00:00
179,20,シャツ,0000-00-00 00:00:00,0000-00-00 00:00:00
180,20,ポロシャツ,0000-00-00 00:00:00,0000-00-00 00:00:00
181,20,タンクトップ,0000-00-00 00:00:00,0000-00-00 00:00:00
182,20,ニット/セーター,0000-00-00 00:00:00,0000-00-00 00:00:00
183,20,パーカー,0000-00-00 00:00:00,0000-00-00 00:00:00
184,20,カーディガン,0000-00-00 00:00:00,0000-00-00 00:00:00
185,20,スウェット,0000-00-00 00:00:00,0000-00-00 00:00:00
186,20,ジャージ,0000-00-00 00:00:00,0000-00-00 00:00:00
187,20,ベスト,0000-00-00 00:00:00,0000-00-00 00:00:00
188,20,その他,0000-00-00 00:00:00,0000-00-00 00:00:00
189,21,テーラードジャケット,0000-00-00 00:00:00,0000-00-00 00:00:00
190,21,ノーカラージャケット,0000-00-00 00:00:00,0000-00-00 00:00:00
191,21,Gジャン/デニムジャケット,0000-00-00 00:00:00,0000-00-00 00:00:00
192,21,レザージャケット,0000-00-00 00:00:00,0000-00-00 00:00:00
193,21,ダウンジャケット,0000-00-00 00:00:00,0000-00-00 00:00:00
194,21,ライダースジャケット,0000-00-00 00:00:00,0000-00-00 00:00:00
195,21,ミリタリージャケット,0000-00-00 00:00:00,0000-00-00 00:00:00
196,21,ナイロンジャケット,0000-00-00 00:00:00,0000-00-00 00:00:00
197,21,フライトジャケット,0000-00-00 00:00:00,0000-00-00 00:00:00
198,21,ダッフルコート,0000-00-00 00:00:00,0000-00-00 00:00:00
199,21,ピーコート,0000-00-00 00:00:00,0000-00-00 00:00:00
200,21,ステンカラーコート,0000-00-00 00:00:00,0000-00-00 00:00:00
201,21,トレンチコート,0000-00-00 00:00:00,0000-00-00 00:00:00
202,21,モッズコート,0000-00-00 00:00:00,0000-00-00 00:00:00
203,21,チェスターコート,0000-00-00 00:00:00,0000-00-00 00:00:00
204,21,スタジャン,0000-00-00 00:00:00,0000-00-00 00:00:00
205,21,スカジャン,0000-00-00 00:00:00,0000-00-00 00:00:00
206,21,ブルゾン,0000-00-00 00:00:00,0000-00-00 00:00:00
207,21,マウンテンパーカー,0000-00-00 00:00:00,0000-00-00 00:00:00
208,21,ダウンベスト,0000-00-00 00:00:00,0000-00-00 00:00:00
209,21,ポンチョ,0000-00-00 00:00:00,0000-00-00 00:00:00
210,21,カバーオール,0000-00-00 00:00:00,0000-00-00 00:00:00
211,21,その他,0000-00-00 00:00:00,0000-00-00 00:00:00
212,22,デニム/ジーンズ,0000-00-00 00:00:00,0000-00-00 00:00:00
213,22,ワークパンツ/カーゴパンツ,0000-00-00 00:00:00,0000-00-00 00:00:00
214,22,スラックス,0000-00-00 00:00:00,0000-00-00 00:00:00
215,22,チノパン,0000-00-00 00:00:00,0000-00-00 00:00:00
216,22,ショートパンツ,0000-00-00 00:00:00,0000-00-00 00:00:00
217,22,べインターパンツ,0000-00-00 00:00:00,0000-00-00 00:00:00
218,22,サルエルパンツ,0000-00-00 00:00:00,0000-00-00 00:00:00
219,22,オーバーオール,0000-00-00 00:00:00,0000-00-00 00:00:00
220,22,その他,0000-00-00 00:00:00,0000-00-00 00:00:00
221,23,スニーカー,0000-00-00 00:00:00,0000-00-00 00:00:00
222,23,サンダル,0000-00-00 00:00:00,0000-00-00 00:00:00
223,23,ドレス/ビジネス,0000-00-00 00:00:00,0000-00-00 00:00:00
224,23,長靴/レインシューズ,0000-00-00 00:00:00,0000-00-00 00:00:00
225,23,デッキシューズ,0000-00-00 00:00:00,0000-00-00 00:00:00
226,23,その他,0000-00-00 00:00:00,0000-00-00 00:00:00
227,24,ショルダーバッグ,0000-00-00 00:00:00,0000-00-00 00:00:00
228,24,トートバッグ,0000-00-00 00:00:00,0000-00-00 00:00:00
229,24,ボストンバッグ,0000-00-00 00:00:00,0000-00-00 00:00:00
230,24,リュック/バックパック,0000-00-00 00:00:00,0000-00-00 00:00:00
231,24,ウエストポーチ,0000-00-00 00:00:00,0000-00-00 00:00:00
232,24,ボディーバッグ,0000-00-00 00:00:00,0000-00-00 00:00:00
233,24,ドラムバッグ,0000-00-00 00:00:00,0000-00-00 00:00:00
234,24,ビジネスバッグ,0000-00-00 00:00:00,0000-00-00 00:00:00
235,24,トラベルバッグ,0000-00-00 00:00:00,0000-00-00 00:00:00
236,24,メッセンジャーバッグ,0000-00-00 00:00:00,0000-00-00 00:00:00
237,24,エコバッグ,0000-00-00 00:00:00,0000-00-00 00:00:00
238,24,その他,0000-00-00 00:00:00,0000-00-00 00:00:00
239,25,スーツジャケット,0000-00-00 00:00:00,0000-00-00 00:00:00
240,25,スーツベスト,0000-00-00 00:00:00,0000-00-00 00:00:00
241,25,スラックス,0000-00-00 00:00:00,0000-00-00 00:00:00
242,25,セットアップ,0000-00-00 00:00:00,0000-00-00 00:00:00
243,25,その他,0000-00-00 00:00:00,0000-00-00 00:00:00
244,26,キャップ,0000-00-00 00:00:00,0000-00-00 00:00:00
245,26,ハット,0000-00-00 00:00:00,0000-00-00 00:00:00
246,26,ニットキャップ/ビーニー,0000-00-00 00:00:00,0000-00-00 00:00:00
247,26,ハンチング/ベレー帽,0000-00-00 00:00:00,0000-00-00 00:00:00
248,26,キャスケット,0000-00-00 00:00:00,0000-00-00 00:00:00
249,26,サンバイザー,0000-00-00 00:00:00,0000-00-00 00:00:00
250,26,その他,0000-00-00 00:00:00,0000-00-00 00:00:00
251,27,ネックレス,0000-00-00 00:00:00,0000-00-00 00:00:00
252,27,ブレスレット,0000-00-00 00:00:00,0000-00-00 00:00:00
253,27,バングル/リストバンド,0000-00-00 00:00:00,0000-00-00 00:00:00
254,27,リング,0000-00-00 00:00:00,0000-00-00 00:00:00
255,27,ピアス（片耳用）,0000-00-00 00:00:00,0000-00-00 00:00:00
256,27,ピアス（両耳用）,0000-00-00 00:00:00,0000-00-00 00:00:00
257,27,アンクレット,0000-00-00 00:00:00,0000-00-00 00:00:00
258,27,その他,0000-00-00 00:00:00,0000-00-00 00:00:00
259,28,長財布,0000-00-00 00:00:00,0000-00-00 00:00:00
260,28,折り財布,0000-00-00 00:00:00,0000-00-00 00:00:00
261,28,マネークリップ,0000-00-00 00:00:00,0000-00-00 00:00:00
262,28,コインケース/小銭入れ,0000-00-00 00:00:00,0000-00-00 00:00:00
263,28,名刺入れ/定期入れ,0000-00-00 00:00:00,0000-00-00 00:00:00
264,28,キーケース,0000-00-00 00:00:00,0000-00-00 00:00:00
265,28,キーホルダー,0000-00-00 00:00:00,0000-00-00 00:00:00
266,28,ネクタイ,0000-00-00 00:00:00,0000-00-00 00:00:00
267,28,手袋,0000-00-00 00:00:00,0000-00-00 00:00:00
268,28,ハンカチ,0000-00-00 00:00:00,0000-00-00 00:00:00
269,28,ベルト,0000-00-00 00:00:00,0000-00-00 00:00:00
270,28,マフラー,0000-00-00 00:00:00,0000-00-00 00:00:00
271,28,ストール,0000-00-00 00:00:00,0000-00-00 00:00:00
272,28,バンダナ,0000-00-00 00:00:00,0000-00-00 00:00:00
273,28,ネックウォーマー,0000-00-00 00:00:00,0000-00-00 00:00:00
274,28,サスペンダー,0000-00-00 00:00:00,0000-00-00 00:00:00
275,28,ウォレットチェーン,0000-00-00 00:00:00,0000-00-00 00:00:00
276,28,サングラス/メガネ,0000-00-00 00:00:00,0000-00-00 00:00:00
277,28,モバイルケース/カバー,0000-00-00 00:00:00,0000-00-00 00:00:00
278,28,手帳,0000-00-00 00:00:00,0000-00-00 00:00:00
279,28,ストラップ,0000-00-00 00:00:00,0000-00-00 00:00:00
280,28,ネクタイピン,0000-00-00 00:00:00,0000-00-00 00:00:00
281,28,カフリンクス,0000-00-00 00:00:00,0000-00-00 00:00:00
282,28,イヤマフラー,0000-00-00 00:00:00,0000-00-00 00:00:00
283,28,傘,0000-00-00 00:00:00,0000-00-00 00:00:00
284,28,レインコート,0000-00-00 00:00:00,0000-00-00 00:00:00
285,28,ミラー,0000-00-00 00:00:00,0000-00-00 00:00:00
286,28,タバコグッズ,0000-00-00 00:00:00,0000-00-00 00:00:00
287,28,その他,0000-00-00 00:00:00,0000-00-00 00:00:00
288,29,腕時計(アナログ),0000-00-00 00:00:00,0000-00-00 00:00:00
289,29,腕時計(デジタル),0000-00-00 00:00:00,0000-00-00 00:00:00
290,29,ラバーベルト,0000-00-00 00:00:00,0000-00-00 00:00:00
291,29,レザーベルト,0000-00-00 00:00:00,0000-00-00 00:00:00
292,29,金属ベルト,0000-00-00 00:00:00,0000-00-00 00:00:00
293,29,その他,0000-00-00 00:00:00,0000-00-00 00:00:00
294,30,一般水着,0000-00-00 00:00:00,0000-00-00 00:00:00
295,30,スポーツ用,0000-00-00 00:00:00,0000-00-00 00:00:00
296,30,アクセサリー,0000-00-00 00:00:00,0000-00-00 00:00:00
297,30,その他,0000-00-00 00:00:00,0000-00-00 00:00:00
298,31,ソックス,0000-00-00 00:00:00,0000-00-00 00:00:00
299,31,レギンス/スパッツ,0000-00-00 00:00:00,0000-00-00 00:00:00
300,31,レッグウォーマー,0000-00-00 00:00:00,0000-00-00 00:00:00
301,31,その他,0000-00-00 00:00:00,0000-00-00 00:00:00
302,32,トランクス,0000-00-00 00:00:00,0000-00-00 00:00:00
303,32,ボクサーパンツ,0000-00-00 00:00:00,0000-00-00 00:00:00
304,32,その他,0000-00-00 00:00:00,0000-00-00 00:00:00
305,33,その他,0000-00-00 00:00:00,0000-00-00 00:00:00
306,34,トップス,0000-00-00 00:00:00,0000-00-00 00:00:00
307,34,アウター,0000-00-00 00:00:00,0000-00-00 00:00:00
308,34,パンツ,0000-00-00 00:00:00,0000-00-00 00:00:00
309,34,スカート,0000-00-00 00:00:00,0000-00-00 00:00:00
310,34,ワンピース,0000-00-00 00:00:00,0000-00-00 00:00:00
311,34,ベビードレス,0000-00-00 00:00:00,0000-00-00 00:00:00
312,34,おくるみ,0000-00-00 00:00:00,0000-00-00 00:00:00
313,34,下着/肌着,0000-00-00 00:00:00,0000-00-00 00:00:00
314,34,パジャマ,0000-00-00 00:00:00,0000-00-00 00:00:00
315,34,ロンパース,0000-00-00 00:00:00,0000-00-00 00:00:00
316,34,その他,0000-00-00 00:00:00,0000-00-00 00:00:00
317,35,トップス,0000-00-00 00:00:00,0000-00-00 00:00:00
318,35,アウター,0000-00-00 00:00:00,0000-00-00 00:00:00
319,35,パンツ,0000-00-00 00:00:00,0000-00-00 00:00:00
320,35,おくるみ,0000-00-00 00:00:00,0000-00-00 00:00:00
321,35,下着/肌着,0000-00-00 00:00:00,0000-00-00 00:00:00
322,35,パジャマ,0000-00-00 00:00:00,0000-00-00 00:00:00
323,35,ロンパース,0000-00-00 00:00:00,0000-00-00 00:00:00
324,35,その他,0000-00-00 00:00:00,0000-00-00 00:00:00
325,36,トップス,0000-00-00 00:00:00,0000-00-00 00:00:00
326,36,アウター,0000-00-00 00:00:00,0000-00-00 00:00:00
327,36,パンツ,0000-00-00 00:00:00,0000-00-00 00:00:00
328,36,おくるみ,0000-00-00 00:00:00,0000-00-00 00:00:00
329,36,下着/肌着,0000-00-00 00:00:00,0000-00-00 00:00:00
330,36,パジャマ,0000-00-00 00:00:00,0000-00-00 00:00:00
331,36,ロンパース,0000-00-00 00:00:00,0000-00-00 00:00:00
332,36,その他,0000-00-00 00:00:00,0000-00-00 00:00:00
333,37,コート,0000-00-00 00:00:00,0000-00-00 00:00:00
334,37,ジャケット/上着,0000-00-00 00:00:00,0000-00-00 00:00:00
335,37,トップス(Tシャツ/カットソー),0000-00-00 00:00:00,0000-00-00 00:00:00
336,37,トップス(トレーナー),0000-00-00 00:00:00,0000-00-00 00:00:00
337,37,トップス(チュニック),0000-00-00 00:00:00,0000-00-00 00:00:00
338,37,トップス(タンクトップ),0000-00-00 00:00:00,0000-00-00 00:00:00
339,37,トップス(その他),0000-00-00 00:00:00,0000-00-00 00:00:00
340,37,スカート,0000-00-00 00:00:00,0000-00-00 00:00:00
341,37,パンツ,0000-00-00 00:00:00,0000-00-00 00:00:00
342,37,ワンピース,0000-00-00 00:00:00,0000-00-00 00:00:00
343,37,セットアップ,0000-00-00 00:00:00,0000-00-00 00:00:00
344,37,パジャマ,0000-00-00 00:00:00,0000-00-00 00:00:00
345,37,フォーマル/ドレス,0000-00-00 00:00:00,0000-00-00 00:00:00
346,37,和服,0000-00-00 00:00:00,0000-00-00 00:00:00
347,37,浴衣,0000-00-00 00:00:00,0000-00-00 00:00:00
348,37,甚平,0000-00-00 00:00:00,0000-00-00 00:00:00
349,37,水着,0000-00-00 00:00:00,0000-00-00 00:00:00
350,37,その他,0000-00-00 00:00:00,0000-00-00 00:00:00
351,38,コート,0000-00-00 00:00:00,0000-00-00 00:00:00
352,38,ジャケット/上着,0000-00-00 00:00:00,0000-00-00 00:00:00
353,38,トップス(Tシャツ/カットソー),0000-00-00 00:00:00,0000-00-00 00:00:00
354,38,トップス(トレーナー),0000-00-00 00:00:00,0000-00-00 00:00:00
355,38,トップス(その他),0000-00-00 00:00:00,0000-00-00 00:00:00
356,38,パンツ,0000-00-00 00:00:00,0000-00-00 00:00:00
357,38,セットアップ,0000-00-00 00:00:00,0000-00-00 00:00:00
358,38,パジャマ,0000-00-00 00:00:00,0000-00-00 00:00:00
359,38,フォーマル/ ドレス,0000-00-00 00:00:00,0000-00-00 00:00:00
360,38,和風,0000-00-00 00:00:00,0000-00-00 00:00:00
361,38,浴衣,0000-00-00 00:00:00,0000-00-00 00:00:00
362,38,甚平,0000-00-00 00:00:00,0000-00-00 00:00:00
363,38,水着,0000-00-00 00:00:00,0000-00-00 00:00:00
364,38,その他,0000-00-00 00:00:00,0000-00-00 00:00:00
365,39,コート,0000-00-00 00:00:00,0000-00-00 00:00:00
366,39,ジャケット/上着,0000-00-00 00:00:00,0000-00-00 00:00:00
367,39,トップス(Tシャツ/カットソー),0000-00-00 00:00:00,0000-00-00 00:00:00
368,39,トップス(トレーナー),0000-00-00 00:00:00,0000-00-00 00:00:00
369,39,トップス(その他),0000-00-00 00:00:00,0000-00-00 00:00:00
370,39,ボトムス,0000-00-00 00:00:00,0000-00-00 00:00:00
371,39,パジャマ,0000-00-00 00:00:00,0000-00-00 00:00:00
372,39,その他,0000-00-00 00:00:00,0000-00-00 00:00:00
373,40,スニーカー,0000-00-00 00:00:00,0000-00-00 00:00:00
374,40,サンダル,0000-00-00 00:00:00,0000-00-00 00:00:00
375,40,ブーツ,0000-00-00 00:00:00,0000-00-00 00:00:00
376,40,長靴,0000-00-00 00:00:00,0000-00-00 00:00:00
377,40,その他,0000-00-00 00:00:00,0000-00-00 00:00:00
378,41,靴下/スパッツ,0000-00-00 00:00:00,0000-00-00 00:00:00
379,41,帽子,0000-00-00 00:00:00,0000-00-00 00:00:00
380,41,エプロン,0000-00-00 00:00:00,0000-00-00 00:00:00
381,41,サスペンダー,0000-00-00 00:00:00,0000-00-00 00:00:00
382,41,タイツ,0000-00-00 00:00:00,0000-00-00 00:00:00
383,41,ハンカチ,0000-00-00 00:00:00,0000-00-00 00:00:00
384,41,バンダナ,0000-00-00 00:00:00,0000-00-00 00:00:00
385,41,ベルト,0000-00-00 00:00:00,0000-00-00 00:00:00
386,41,マフラー,0000-00-00 00:00:00,0000-00-00 00:00:00
387,41,傘,0000-00-00 00:00:00,0000-00-00 00:00:00
388,41,手袋,0000-00-00 00:00:00,0000-00-00 00:00:00
389,41,スタイ,0000-00-00 00:00:00,0000-00-00 00:00:00
390,41,バッグ,0000-00-00 00:00:00,0000-00-00 00:00:00
391,41,その他,0000-00-00 00:00:00,0000-00-00 00:00:00
392,42,おむつ用品,0000-00-00 00:00:00,0000-00-00 00:00:00
393,42,おまる/補助便座,0000-00-00 00:00:00,0000-00-00 00:00:00
394,42,トレーニングパンツ,0000-00-00 00:00:00,0000-00-00 00:00:00
395,42,ベビーパンツ,0000-00-00 00:00:00,0000-00-00 00:00:00
396,42,お風呂用品,0000-00-00 00:00:00,0000-00-00 00:00:00
397,42,その他,0000-00-00 00:00:00,0000-00-00 00:00:00
398,43,ベビーカー,0000-00-00 00:00:00,0000-00-00 00:00:00
399,43,抱っこひも/スリング,0000-00-00 00:00:00,0000-00-00 00:00:00
400,43,チャイルドシート,0000-00-00 00:00:00,0000-00-00 00:00:00
401,43,その他,0000-00-00 00:00:00,0000-00-00 00:00:00
402,44,ミルク,0000-00-00 00:00:00,0000-00-00 00:00:00
403,44,ベビーフード,0000-00-00 00:00:00,0000-00-00 00:00:00
404,44,ベビー用食器,0000-00-00 00:00:00,0000-00-00 00:00:00
405,44,その他,0000-00-00 00:00:00,0000-00-00 00:00:00
406,45,ベッド,0000-00-00 00:00:00,0000-00-00 00:00:00
407,45,布団/毛布,0000-00-00 00:00:00,0000-00-00 00:00:00
408,45,イス,0000-00-00 00:00:00,0000-00-00 00:00:00
409,45,たんす,0000-00-00 00:00:00,0000-00-00 00:00:00
410,45,その他,0000-00-00 00:00:00,0000-00-00 00:00:00
411,46,おふろのおもちゃ,0000-00-00 00:00:00,0000-00-00 00:00:00
412,46,がらがら,0000-00-00 00:00:00,0000-00-00 00:00:00
413,46,オルゴール,0000-00-00 00:00:00,0000-00-00 00:00:00
414,46,ベビージム,0000-00-00 00:00:00,0000-00-00 00:00:00
415,46,手押し車/カタカタ,0000-00-00 00:00:00,0000-00-00 00:00:00
416,46,知育玩具,0000-00-00 00:00:00,0000-00-00 00:00:00
417,46,その他,0000-00-00 00:00:00,0000-00-00 00:00:00
418,47,お宮参り用品,0000-00-00 00:00:00,0000-00-00 00:00:00
419,47,お食い初め用品,0000-00-00 00:00:00,0000-00-00 00:00:00
420,47,アルバム,0000-00-00 00:00:00,0000-00-00 00:00:00
421,47,手形/足型,0000-00-00 00:00:00,0000-00-00 00:00:00
422,47,その他,0000-00-00 00:00:00,0000-00-00 00:00:00
423,48,その他,0000-00-00 00:00:00,0000-00-00 00:00:00
424,49,食器,0000-00-00 00:00:00,0000-00-00 00:00:00
425,49,調理器具,0000-00-00 00:00:00,0000-00-00 00:00:00
426,49,収納/キッチン雑貨,0000-00-00 00:00:00,0000-00-00 00:00:00
427,49,弁当用品,0000-00-00 00:00:00,0000-00-00 00:00:00
428,49,カトラリー(スプーン等),0000-00-00 00:00:00,0000-00-00 00:00:00
429,49,容器,0000-00-00 00:00:00,0000-00-00 00:00:00
430,49,エプロン,0000-00-00 00:00:00,0000-00-00 00:00:00
431,49,アルコールグッズ,0000-00-00 00:00:00,0000-00-00 00:00:00
432,49,浄水機,0000-00-00 00:00:00,0000-00-00 00:00:00
433,49,その他,0000-00-00 00:00:00,0000-00-00 00:00:00
434,50,セミシングルベッド,0000-00-00 00:00:00,0000-00-00 00:00:00
435,50,シングルベッド,0000-00-00 00:00:00,0000-00-00 00:00:00
436,50,セミダブルベッド,0000-00-00 00:00:00,0000-00-00 00:00:00
437,50,ワイドダブルベッド,0000-00-00 00:00:00,0000-00-00 00:00:00
438,50,クイーンベッド,0000-00-00 00:00:00,0000-00-00 00:00:00
439,50,キングベッド,0000-00-00 00:00:00,0000-00-00 00:00:00
440,50,脚付きマットレスベッド,0000-00-00 00:00:00,0000-00-00 00:00:00
441,50,マットレス,0000-00-00 00:00:00,0000-00-00 00:00:00
442,50,すのこベッド,0000-00-00 00:00:00,0000-00-00 00:00:00
443,50,ロフトベッド/システムベッド,0000-00-00 00:00:00,0000-00-00 00:00:00
444,50,簡易ベッド/折りたたみベッド,0000-00-00 00:00:00,0000-00-00 00:00:00
445,50,収納付き,0000-00-00 00:00:00,0000-00-00 00:00:00
446,50,その他,0000-00-00 00:00:00,0000-00-00 00:00:00
447,51,ソファセット,0000-00-00 00:00:00,0000-00-00 00:00:00
448,51,シングルソファ,0000-00-00 00:00:00,0000-00-00 00:00:00
449,51,ラブソファ,0000-00-00 00:00:00,0000-00-00 00:00:00
450,51,トリプルソファ,0000-00-00 00:00:00,0000-00-00 00:00:00
451,51,オットマン,0000-00-00 00:00:00,0000-00-00 00:00:00
452,51,コーナーソファ,0000-00-00 00:00:00,0000-00-00 00:00:00
453,51,ビーズソファ/クッションソファ,0000-00-00 00:00:00,0000-00-00 00:00:00
454,51,ローソファ/フロアソファ,0000-00-00 00:00:00,0000-00-00 00:00:00
455,51,ソファベッド,0000-00-00 00:00:00,0000-00-00 00:00:00
456,51,応接セット,0000-00-00 00:00:00,0000-00-00 00:00:00
457,51,ソファカバー,0000-00-00 00:00:00,0000-00-00 00:00:00
458,51,リクライニングソファ,0000-00-00 00:00:00,0000-00-00 00:00:00
459,51,その他,0000-00-00 00:00:00,0000-00-00 00:00:00
460,52,一般,0000-00-00 00:00:00,0000-00-00 00:00:00
461,52,スツール,0000-00-00 00:00:00,0000-00-00 00:00:00
462,52,ダイニングチェア,0000-00-00 00:00:00,0000-00-00 00:00:00
463,52,ハイバックチェア,0000-00-00 00:00:00,0000-00-00 00:00:00
464,52,ロッキングチェア,0000-00-00 00:00:00,0000-00-00 00:00:00
465,52,座椅子,0000-00-00 00:00:00,0000-00-00 00:00:00
466,52,折り畳みイス,0000-00-00 00:00:00,0000-00-00 00:00:00
467,52,デスクチェア,0000-00-00 00:00:00,0000-00-00 00:00:00
468,52,その他,0000-00-00 00:00:00,0000-00-00 00:00:00
469,53,こたつ,0000-00-00 00:00:00,0000-00-00 00:00:00
470,53,カウンターテーブル,0000-00-00 00:00:00,0000-00-00 00:00:00
471,53,サイドテーブル,0000-00-00 00:00:00,0000-00-00 00:00:00
472,53,センターテーブル,0000-00-00 00:00:00,0000-00-00 00:00:00
473,53,ダイニングテーブル,0000-00-00 00:00:00,0000-00-00 00:00:00
474,53,座卓/ちゃぶ台,0000-00-00 00:00:00,0000-00-00 00:00:00
475,53,アウトドア用,0000-00-00 00:00:00,0000-00-00 00:00:00
476,53,パソコン用,0000-00-00 00:00:00,0000-00-00 00:00:00
477,53,事務机/学習机,0000-00-00 00:00:00,0000-00-00 00:00:00
478,53,その他,0000-00-00 00:00:00,0000-00-00 00:00:00
479,54,リビング収納,0000-00-00 00:00:00,0000-00-00 00:00:00
480,54,キッチン収納,0000-00-00 00:00:00,0000-00-00 00:00:00
481,54,玄関/屋外収納,0000-00-00 00:00:00,0000-00-00 00:00:00
482,54,バス/トイレ収納,0000-00-00 00:00:00,0000-00-00 00:00:00
483,54,本収納,0000-00-00 00:00:00,0000-00-00 00:00:00
484,54,本/CD/DVD収納,0000-00-00 00:00:00,0000-00-00 00:00:00
485,54,洋服タンス/押入れ収納,0000-00-00 00:00:00,0000-00-00 00:00:00
486,54,電話台/ファックス台,0000-00-00 00:00:00,0000-00-00 00:00:00
487,54,ドレッサー/鏡台,0000-00-00 00:00:00,0000-00-00 00:00:00
488,54,棚/ラック,0000-00-00 00:00:00,0000-00-00 00:00:00
489,54,ケース/ボックス,0000-00-00 00:00:00,0000-00-00 00:00:00
490,54,その他,0000-00-00 00:00:00,0000-00-00 00:00:00
491,55,ラグ,0000-00-00 00:00:00,0000-00-00 00:00:00
492,55,カーペット,0000-00-00 00:00:00,0000-00-00 00:00:00
493,55,ホットカーペット,0000-00-00 00:00:00,0000-00-00 00:00:00
494,55,玄関/キッチンマット,0000-00-00 00:00:00,0000-00-00 00:00:00
495,55,トイレ/バスマット,0000-00-00 00:00:00,0000-00-00 00:00:00
496,55,その他,0000-00-00 00:00:00,0000-00-00 00:00:00
497,56,カーテン,0000-00-00 00:00:00,0000-00-00 00:00:00
498,56,ブラインド,0000-00-00 00:00:00,0000-00-00 00:00:00
499,56,ロールスクリーン,0000-00-00 00:00:00,0000-00-00 00:00:00
500,56,のれん,0000-00-00 00:00:00,0000-00-00 00:00:00
501,56,その他,0000-00-00 00:00:00,0000-00-00 00:00:00
502,57,蛍光灯/電球,0000-00-00 00:00:00,0000-00-00 00:00:00
503,57,天井照明,0000-00-00 00:00:00,0000-00-00 00:00:00
504,57,フロアスタンド,0000-00-00 00:00:00,0000-00-00 00:00:00
505,57,その他,0000-00-00 00:00:00,0000-00-00 00:00:00
506,58,布団/毛布,0000-00-00 00:00:00,0000-00-00 00:00:00
507,58,枕,0000-00-00 00:00:00,0000-00-00 00:00:00
508,58,シーツ/カバー,0000-00-00 00:00:00,0000-00-00 00:00:00
509,58,その他,0000-00-00 00:00:00,0000-00-00 00:00:00
510,59,ごみ箱,0000-00-00 00:00:00,0000-00-00 00:00:00
511,59,ウェルカムボード,0000-00-00 00:00:00,0000-00-00 00:00:00
512,59,オルゴール,0000-00-00 00:00:00,0000-00-00 00:00:00
513,59,クッション,0000-00-00 00:00:00,0000-00-00 00:00:00
514,59,クッションカバー,0000-00-00 00:00:00,0000-00-00 00:00:00
515,59,スリッパラック,0000-00-00 00:00:00,0000-00-00 00:00:00
516,59,ティッシュボックス,0000-00-00 00:00:00,0000-00-00 00:00:00
517,59,バスケット/かご,0000-00-00 00:00:00,0000-00-00 00:00:00
518,59,フォトフレーム,0000-00-00 00:00:00,0000-00-00 00:00:00
519,59,マガジンラック,0000-00-00 00:00:00,0000-00-00 00:00:00
520,59,モビール,0000-00-00 00:00:00,0000-00-00 00:00:00
521,59,花瓶,0000-00-00 00:00:00,0000-00-00 00:00:00
522,59,灰皿,0000-00-00 00:00:00,0000-00-00 00:00:00
523,59,傘立て,0000-00-00 00:00:00,0000-00-00 00:00:00
524,59,小物入れ,0000-00-00 00:00:00,0000-00-00 00:00:00
525,59,置き時計,0000-00-00 00:00:00,0000-00-00 00:00:00
526,59,掛時計/柱時計,0000-00-00 00:00:00,0000-00-00 00:00:00
527,59,鏡(立て掛け式),0000-00-00 00:00:00,0000-00-00 00:00:00
528,59,鏡(壁掛け式),0000-00-00 00:00:00,0000-00-00 00:00:00
529,59,置物,0000-00-00 00:00:00,0000-00-00 00:00:00
530,59,風鈴,0000-00-00 00:00:00,0000-00-00 00:00:00
531,59,植物/観葉植物,0000-00-00 00:00:00,0000-00-00 00:00:00
532,59,その他,0000-00-00 00:00:00,0000-00-00 00:00:00
533,60,正月,0000-00-00 00:00:00,0000-00-00 00:00:00
534,60,成人式,0000-00-00 00:00:00,0000-00-00 00:00:00
535,60,バレンタインデー,0000-00-00 00:00:00,0000-00-00 00:00:00
536,60,ひな祭り,0000-00-00 00:00:00,0000-00-00 00:00:00
537,60,子どもの日,0000-00-00 00:00:00,0000-00-00 00:00:00
538,60,母の日,0000-00-00 00:00:00,0000-00-00 00:00:00
539,60,父の日,0000-00-00 00:00:00,0000-00-00 00:00:00
540,60,サマーギフト/お中元,0000-00-00 00:00:00,0000-00-00 00:00:00
541,60,夏/夏休み,0000-00-00 00:00:00,0000-00-00 00:00:00
542,60,ハロウィン,0000-00-00 00:00:00,0000-00-00 00:00:00
543,60,敬老の日,0000-00-00 00:00:00,0000-00-00 00:00:00
544,60,七五三,0000-00-00 00:00:00,0000-00-00 00:00:00
545,60,お歳暮,0000-00-00 00:00:00,0000-00-00 00:00:00
546,60,クリスマス,0000-00-00 00:00:00,0000-00-00 00:00:00
547,60,冬一般,0000-00-00 00:00:00,0000-00-00 00:00:00
548,60,その他,0000-00-00 00:00:00,0000-00-00 00:00:00
549,61,その他,0000-00-00 00:00:00,0000-00-00 00:00:00
550,62,文学/小説,0000-00-00 00:00:00,0000-00-00 00:00:00
551,62,人文/社会,0000-00-00 00:00:00,0000-00-00 00:00:00
552,62,ノンフィクション/教養,0000-00-00 00:00:00,0000-00-00 00:00:00
553,62,地図/旅行ガイド,0000-00-00 00:00:00,0000-00-00 00:00:00
554,62,ビジネス/経済,0000-00-00 00:00:00,0000-00-00 00:00:00
555,62,健康/医学,0000-00-00 00:00:00,0000-00-00 00:00:00
556,62,コンピュータ/IT,0000-00-00 00:00:00,0000-00-00 00:00:00
557,62,趣味スポーツ/実用,0000-00-00 00:00:00,0000-00-00 00:00:00
558,62,住まい/暮らし/子育て,0000-00-00 00:00:00,0000-00-00 00:00:00
559,62,アート/エンタメ,0000-00-00 00:00:00,0000-00-00 00:00:00
560,62,洋書,0000-00-00 00:00:00,0000-00-00 00:00:00
561,62,絵本,0000-00-00 00:00:00,0000-00-00 00:00:00
562,62,参考書,0000-00-00 00:00:00,0000-00-00 00:00:00
563,62,その他,0000-00-00 00:00:00,0000-00-00 00:00:00
564,63,全巻セット,0000-00-00 00:00:00,0000-00-00 00:00:00
565,63,少年漫画,0000-00-00 00:00:00,0000-00-00 00:00:00
566,63,少女漫画,0000-00-00 00:00:00,0000-00-00 00:00:00
567,63,青年漫画,0000-00-00 00:00:00,0000-00-00 00:00:00
568,63,女性漫画,0000-00-00 00:00:00,0000-00-00 00:00:00
569,63,同人誌,0000-00-00 00:00:00,0000-00-00 00:00:00
570,63,その他,0000-00-00 00:00:00,0000-00-00 00:00:00
571,64,アート/エンタメ/ホビー,0000-00-00 00:00:00,0000-00-00 00:00:00
572,64,ファッション,0000-00-00 00:00:00,0000-00-00 00:00:00
573,64,ニュース/総合,0000-00-00 00:00:00,0000-00-00 00:00:00
574,64,趣味/スポーツ,0000-00-00 00:00:00,0000-00-00 00:00:00
575,64,その他,0000-00-00 00:00:00,0000-00-00 00:00:00
576,65,邦楽,0000-00-00 00:00:00,0000-00-00 00:00:00
577,65,洋楽,0000-00-00 00:00:00,0000-00-00 00:00:00
578,65,アニメ,0000-00-00 00:00:00,0000-00-00 00:00:00
579,65,クラシック,0000-00-00 00:00:00,0000-00-00 00:00:00
580,65,K-POP/アジア,0000-00-00 00:00:00,0000-00-00 00:00:00
581,65,キッズ/ファミリー,0000-00-00 00:00:00,0000-00-00 00:00:00
582,65,その他,0000-00-00 00:00:00,0000-00-00 00:00:00
583,66,外国映画,0000-00-00 00:00:00,0000-00-00 00:00:00
584,66,日本映画,0000-00-00 00:00:00,0000-00-00 00:00:00
585,66,アニメ,0000-00-00 00:00:00,0000-00-00 00:00:00
586,66,TVドラマ,0000-00-00 00:00:00,0000-00-00 00:00:00
587,66,ミュージック,0000-00-00 00:00:00,0000-00-00 00:00:00
588,66,お笑い/バラエティ,0000-00-00 00:00:00,0000-00-00 00:00:00
589,66,スポーツ/フィットネス,0000-00-00 00:00:00,0000-00-00 00:00:00
590,66,キッズ/ファミリー,0000-00-00 00:00:00,0000-00-00 00:00:00
591,66,その他,0000-00-00 00:00:00,0000-00-00 00:00:00
592,67,邦楽,0000-00-00 00:00:00,0000-00-00 00:00:00
593,67,洋楽,0000-00-00 00:00:00,0000-00-00 00:00:00
594,67,その他,0000-00-00 00:00:00,0000-00-00 00:00:00
595,68,家庭用ゲーム本体,0000-00-00 00:00:00,0000-00-00 00:00:00
596,68,家庭用ゲームソフト,0000-00-00 00:00:00,0000-00-00 00:00:00
597,68,携帯用ゲーム本体,0000-00-00 00:00:00,0000-00-00 00:00:00
598,68,携帯用ゲームソフト,0000-00-00 00:00:00,0000-00-00 00:00:00
599,68,PCゲーム,0000-00-00 00:00:00,0000-00-00 00:00:00
600,68,その他,0000-00-00 00:00:00,0000-00-00 00:00:00
601,69,キャラクターグッズ,0000-00-00 00:00:00,0000-00-00 00:00:00
602,69,ぬいぐるみ,0000-00-00 00:00:00,0000-00-00 00:00:00
603,69,小物/アクセサリー,0000-00-00 00:00:00,0000-00-00 00:00:00
604,69,模型/プラモデル,0000-00-00 00:00:00,0000-00-00 00:00:00
605,69,ミニカー,0000-00-00 00:00:00,0000-00-00 00:00:00
606,69,トイラジコン,0000-00-00 00:00:00,0000-00-00 00:00:00
607,69,プラモデル,0000-00-00 00:00:00,0000-00-00 00:00:00
608,69,ホビーラジコン,0000-00-00 00:00:00,0000-00-00 00:00:00
609,69,鉄道模型,0000-00-00 00:00:00,0000-00-00 00:00:00
610,69,その他,0000-00-00 00:00:00,0000-00-00 00:00:00
611,70,アイドル,0000-00-00 00:00:00,0000-00-00 00:00:00
612,70,ミュージシャン,0000-00-00 00:00:00,0000-00-00 00:00:00
613,70,タレント/お笑い芸人,0000-00-00 00:00:00,0000-00-00 00:00:00
614,70,スポーツ選手,0000-00-00 00:00:00,0000-00-00 00:00:00
615,70,その他,0000-00-00 00:00:00,0000-00-00 00:00:00
616,71,ストラップ,0000-00-00 00:00:00,0000-00-00 00:00:00
617,71,キーホルダー,0000-00-00 00:00:00,0000-00-00 00:00:00
618,71,バッジ,0000-00-00 00:00:00,0000-00-00 00:00:00
619,71,カード,0000-00-00 00:00:00,0000-00-00 00:00:00
620,71,クリアファイル,0000-00-00 00:00:00,0000-00-00 00:00:00
621,71,ポスター,0000-00-00 00:00:00,0000-00-00 00:00:00
622,71,タオル,0000-00-00 00:00:00,0000-00-00 00:00:00
623,71,その他,0000-00-00 00:00:00,0000-00-00 00:00:00
624,72,遊戯王,0000-00-00 00:00:00,0000-00-00 00:00:00
625,72,マジック:ザ・ギャザリング,0000-00-00 00:00:00,0000-00-00 00:00:00
626,72,ポケモンカードゲーム,0000-00-00 00:00:00,0000-00-00 00:00:00
627,72,デュエルマスターズ,0000-00-00 00:00:00,0000-00-00 00:00:00
628,72,バトルスピリッツ,0000-00-00 00:00:00,0000-00-00 00:00:00
629,72,プリパラ,0000-00-00 00:00:00,0000-00-00 00:00:00
630,72,アイカツ,0000-00-00 00:00:00,0000-00-00 00:00:00
631,72,カードファイト!!ヴァンガード,0000-00-00 00:00:00,0000-00-00 00:00:00
632,72,ヴァイスシュヴァルツ,0000-00-00 00:00:00,0000-00-00 00:00:00
633,72,プロ野球オーナーズリーグ,0000-00-00 00:00:00,0000-00-00 00:00:00
634,72,ベースボールヒーローズ,0000-00-00 00:00:00,0000-00-00 00:00:00
635,72,ドラゴンボール,0000-00-00 00:00:00,0000-00-00 00:00:00
636,72,スリーブ,0000-00-00 00:00:00,0000-00-00 00:00:00
637,72,その他,0000-00-00 00:00:00,0000-00-00 00:00:00
638,73,コミック/アニメ,0000-00-00 00:00:00,0000-00-00 00:00:00
639,73,特撮,0000-00-00 00:00:00,0000-00-00 00:00:00
640,73,ゲームキャラクター,0000-00-00 00:00:00,0000-00-00 00:00:00
641,73,SF/ファンタジー/ホラー,0000-00-00 00:00:00,0000-00-00 00:00:00
642,73,アメコミ,0000-00-00 00:00:00,0000-00-00 00:00:00
643,73,スポーツ,0000-00-00 00:00:00,0000-00-00 00:00:00
644,73,ミリタリー,0000-00-00 00:00:00,0000-00-00 00:00:00
645,73,その他,0000-00-00 00:00:00,0000-00-00 00:00:00
646,74,エレキギター,0000-00-00 00:00:00,0000-00-00 00:00:00
647,74,アコースティックギター,0000-00-00 00:00:00,0000-00-00 00:00:00
648,74,ベース,0000-00-00 00:00:00,0000-00-00 00:00:00
649,74,エフェクター,0000-00-00 00:00:00,0000-00-00 00:00:00
650,74,アンプ,0000-00-00 00:00:00,0000-00-00 00:00:00
651,74,弦楽器,0000-00-00 00:00:00,0000-00-00 00:00:00
652,74,管楽器,0000-00-00 00:00:00,0000-00-00 00:00:00
653,74,鍵盤楽器,0000-00-00 00:00:00,0000-00-00 00:00:00
654,74,打楽器,0000-00-00 00:00:00,0000-00-00 00:00:00
655,74,和楽器,0000-00-00 00:00:00,0000-00-00 00:00:00
656,74,楽譜/スコア,0000-00-00 00:00:00,0000-00-00 00:00:00
657,74,レコーディング/PA機器,0000-00-00 00:00:00,0000-00-00 00:00:00
658,74,DJ機器,0000-00-00 00:00:00,0000-00-00 00:00:00
659,74,DTM/DAW,0000-00-00 00:00:00,0000-00-00 00:00:00
660,74,その他,0000-00-00 00:00:00,0000-00-00 00:00:00
661,75,武具,0000-00-00 00:00:00,0000-00-00 00:00:00
662,75,使用済切手/官製はがき,0000-00-00 00:00:00,0000-00-00 00:00:00
663,75,旧貨幣/金貨/銀貨/記念硬貨,0000-00-00 00:00:00,0000-00-00 00:00:00
664,75,印刷物,0000-00-00 00:00:00,0000-00-00 00:00:00
665,75,ノベルティグッズ,0000-00-00 00:00:00,0000-00-00 00:00:00
666,75,その他,0000-00-00 00:00:00,0000-00-00 00:00:00
667,76,トイガン,0000-00-00 00:00:00,0000-00-00 00:00:00
668,76,個人装飾,0000-00-00 00:00:00,0000-00-00 00:00:00
669,76,その他,0000-00-00 00:00:00,0000-00-00 00:00:00
670,77,陶芸,0000-00-00 00:00:00,0000-00-00 00:00:00
671,77,ガラス,0000-00-00 00:00:00,0000-00-00 00:00:00
672,77,漆器,0000-00-00 00:00:00,0000-00-00 00:00:00
673,77,金属工芸,0000-00-00 00:00:00,0000-00-00 00:00:00
674,77,絵画/タペストリ,0000-00-00 00:00:00,0000-00-00 00:00:00
675,77,版画,0000-00-00 00:00:00,0000-00-00 00:00:00
676,77,彫刻/オブジェクト,0000-00-00 00:00:00,0000-00-00 00:00:00
677,77,書,0000-00-00 00:00:00,0000-00-00 00:00:00
678,77,写真,0000-00-00 00:00:00,0000-00-00 00:00:00
679,77,その他,0000-00-00 00:00:00,0000-00-00 00:00:00
680,78,画材,0000-00-00 00:00:00,0000-00-00 00:00:00
681,78,額縁,0000-00-00 00:00:00,0000-00-00 00:00:00
682,78,その他,0000-00-00 00:00:00,0000-00-00 00:00:00
683,79,その他,0000-00-00 00:00:00,0000-00-00 00:00:00
684,80,ファンデーション,0000-00-00 00:00:00,0000-00-00 00:00:00
685,80,化粧下地,0000-00-00 00:00:00,0000-00-00 00:00:00
686,80,コントロールカラー,0000-00-00 00:00:00,0000-00-00 00:00:00
687,80,BBクリーム,0000-00-00 00:00:00,0000-00-00 00:00:00
688,80,CCクリーム,0000-00-00 00:00:00,0000-00-00 00:00:00
689,80,コンシーラー,0000-00-00 00:00:00,0000-00-00 00:00:00
690,80,フェイスパウダー,0000-00-00 00:00:00,0000-00-00 00:00:00
691,80,トライアルセット/サンプル,0000-00-00 00:00:00,0000-00-00 00:00:00
692,80,その他,0000-00-00 00:00:00,0000-00-00 00:00:00
693,81,アイシャドウ,0000-00-00 00:00:00,0000-00-00 00:00:00
694,81,口紅,0000-00-00 00:00:00,0000-00-00 00:00:00
695,81,リップグロス,0000-00-00 00:00:00,0000-00-00 00:00:00
696,81,リップライナー,0000-00-00 00:00:00,0000-00-00 00:00:00
697,81,チーク,0000-00-00 00:00:00,0000-00-00 00:00:00
698,81,フェイスカラー,0000-00-00 00:00:00,0000-00-00 00:00:00
699,81,マスカラ,0000-00-00 00:00:00,0000-00-00 00:00:00
700,81,アイライナー,0000-00-00 00:00:00,0000-00-00 00:00:00
701,81,つけまつげ,0000-00-00 00:00:00,0000-00-00 00:00:00
702,81,アイブロウペンシル,0000-00-00 00:00:00,0000-00-00 00:00:00
703,81,パウダーアイブロウ,0000-00-00 00:00:00,0000-00-00 00:00:00
704,81,眉マスカラ,0000-00-00 00:00:00,0000-00-00 00:00:00
705,81,トライアルセット/サンプル,0000-00-00 00:00:00,0000-00-00 00:00:00
706,81,メイク道具/化粧小物,0000-00-00 00:00:00,0000-00-00 00:00:00
707,81,美顔用品/美顔ローラー,0000-00-00 00:00:00,0000-00-00 00:00:00
708,81,その他,0000-00-00 00:00:00,0000-00-00 00:00:00
709,82,ネイルカラー,0000-00-00 00:00:00,0000-00-00 00:00:00
710,82,カラージェル,0000-00-00 00:00:00,0000-00-00 00:00:00
711,82,ネイルベースコート/トップコート,0000-00-00 00:00:00,0000-00-00 00:00:00
712,82,ネイルアート用品,0000-00-00 00:00:00,0000-00-00 00:00:00
713,82,ネイルパーツ,0000-00-00 00:00:00,0000-00-00 00:00:00
714,82,ネイルチップ/付け爪,0000-00-00 00:00:00,0000-00-00 00:00:00
715,82,手入れ用品,0000-00-00 00:00:00,0000-00-00 00:00:00
716,82,除光液,0000-00-00 00:00:00,0000-00-00 00:00:00
717,82,その他,0000-00-00 00:00:00,0000-00-00 00:00:00
718,83,香水(女性用),0000-00-00 00:00:00,0000-00-00 00:00:00
719,83,香水(男性用),0000-00-00 00:00:00,0000-00-00 00:00:00
720,83,ユニセックス,0000-00-00 00:00:00,0000-00-00 00:00:00
721,83,ボディミスト,0000-00-00 00:00:00,0000-00-00 00:00:00
722,83,その他,0000-00-00 00:00:00,0000-00-00 00:00:00
723,84,化粧水/ローション,0000-00-00 00:00:00,0000-00-00 00:00:00
724,84,乳液/ミルク,0000-00-00 00:00:00,0000-00-00 00:00:00
725,84,美容液,0000-00-00 00:00:00,0000-00-00 00:00:00
726,84,フェイスクリーム,0000-00-00 00:00:00,0000-00-00 00:00:00
727,84,洗顔料,0000-00-00 00:00:00,0000-00-00 00:00:00
728,84,クレンジング/メイク落とし,0000-00-00 00:00:00,0000-00-00 00:00:00
729,84,パック/フェイスマスク,0000-00-00 00:00:00,0000-00-00 00:00:00
730,84,ジェル/ゲル,0000-00-00 00:00:00,0000-00-00 00:00:00
731,84,ブースター/導入液,0000-00-00 00:00:00,0000-00-00 00:00:00
732,84,アイケア,0000-00-00 00:00:00,0000-00-00 00:00:00
733,84,リップケア,0000-00-00 00:00:00,0000-00-00 00:00:00
734,84,トライアルセット/サンプル,0000-00-00 00:00:00,0000-00-00 00:00:00
735,84,洗顔グッズ,0000-00-00 00:00:00,0000-00-00 00:00:00
736,84,その他,0000-00-00 00:00:00,0000-00-00 00:00:00
737,85,シャンプー,0000-00-00 00:00:00,0000-00-00 00:00:00
738,85,トリートメント,0000-00-00 00:00:00,0000-00-00 00:00:00
739,85,コンディショナー,0000-00-00 00:00:00,0000-00-00 00:00:00
740,85,リンス,0000-00-00 00:00:00,0000-00-00 00:00:00
741,85,スタイリング剤,0000-00-00 00:00:00,0000-00-00 00:00:00
742,85,カラーリング剤,0000-00-00 00:00:00,0000-00-00 00:00:00
743,85,ブラシ,0000-00-00 00:00:00,0000-00-00 00:00:00
744,85,その他,0000-00-00 00:00:00,0000-00-00 00:00:00
745,86,オイル/クリーム,0000-00-00 00:00:00,0000-00-00 00:00:00
746,86,ハンドクリーム,0000-00-00 00:00:00,0000-00-00 00:00:00
747,86,ローション,0000-00-00 00:00:00,0000-00-00 00:00:00
748,86,日焼け止め/サンオイル,0000-00-00 00:00:00,0000-00-00 00:00:00
749,86,ボディーソープ,0000-00-00 00:00:00,0000-00-00 00:00:00
750,86,入浴剤,0000-00-00 00:00:00,0000-00-00 00:00:00
751,86,制汗/デオドラント,0000-00-00 00:00:00,0000-00-00 00:00:00
752,86,フットケア,0000-00-00 00:00:00,0000-00-00 00:00:00
753,86,その他,0000-00-00 00:00:00,0000-00-00 00:00:00
754,87,口臭防止/エチケット用品,0000-00-00 00:00:00,0000-00-00 00:00:00
755,87,歯ブラシ,0000-00-00 00:00:00,0000-00-00 00:00:00
756,87,その他,0000-00-00 00:00:00,0000-00-00 00:00:00
757,88,エッセンシャルオイル,0000-00-00 00:00:00,0000-00-00 00:00:00
758,88,芳香器,0000-00-00 00:00:00,0000-00-00 00:00:00
759,88,お香/香炉,0000-00-00 00:00:00,0000-00-00 00:00:00
760,88,キャンドル,0000-00-00 00:00:00,0000-00-00 00:00:00
761,88,リラクゼーショングッズ,0000-00-00 00:00:00,0000-00-00 00:00:00
762,88,その他,0000-00-00 00:00:00,0000-00-00 00:00:00
763,89,ダイエット食品,0000-00-00 00:00:00,0000-00-00 00:00:00
764,89,エクササイズ用品,0000-00-00 00:00:00,0000-00-00 00:00:00
765,89,体重計,0000-00-00 00:00:00,0000-00-00 00:00:00
766,89,体脂肪計,0000-00-00 00:00:00,0000-00-00 00:00:00
767,89,その他,0000-00-00 00:00:00,0000-00-00 00:00:00
768,90,その他,0000-00-00 00:00:00,0000-00-00 00:00:00
769,91,スマートフォン本体,0000-00-00 00:00:00,0000-00-00 00:00:00
770,91,バッテリー/充電器,0000-00-00 00:00:00,0000-00-00 00:00:00
771,91,携帯電話本体,0000-00-00 00:00:00,0000-00-00 00:00:00
772,91,PHS本体,0000-00-00 00:00:00,0000-00-00 00:00:00
773,91,その他,0000-00-00 00:00:00,0000-00-00 00:00:00
774,92,Android用ケース,0000-00-00 00:00:00,0000-00-00 00:00:00
775,92,iPhone用ケース,0000-00-00 00:00:00,0000-00-00 00:00:00
776,92,カバー,0000-00-00 00:00:00,0000-00-00 00:00:00
777,92,イヤホンジャック,0000-00-00 00:00:00,0000-00-00 00:00:00
778,92,ストラップ,0000-00-00 00:00:00,0000-00-00 00:00:00
779,92,フィルム,0000-00-00 00:00:00,0000-00-00 00:00:00
780,92,自撮り棒,0000-00-00 00:00:00,0000-00-00 00:00:00
781,92,その他,0000-00-00 00:00:00,0000-00-00 00:00:00
782,93,タブレット,0000-00-00 00:00:00,0000-00-00 00:00:00
783,93,ノートPC,0000-00-00 00:00:00,0000-00-00 00:00:00
784,93,デスクトップ型PC,0000-00-00 00:00:00,0000-00-00 00:00:00
785,93,ディスプレイ,0000-00-00 00:00:00,0000-00-00 00:00:00
786,93,電子ブックリーダー,0000-00-00 00:00:00,0000-00-00 00:00:00
787,93,PC周辺機器,0000-00-00 00:00:00,0000-00-00 00:00:00
788,93,PCパーツ,0000-00-00 00:00:00,0000-00-00 00:00:00
789,93,その他,0000-00-00 00:00:00,0000-00-00 00:00:00
790,94,デジタルカメラ,0000-00-00 00:00:00,0000-00-00 00:00:00
791,94,ビデオカメラ,0000-00-00 00:00:00,0000-00-00 00:00:00
792,94,レンズ(単焦点),0000-00-00 00:00:00,0000-00-00 00:00:00
793,94,レンズ(ズーム),0000-00-00 00:00:00,0000-00-00 00:00:00
794,94,フィルムカメラ,0000-00-00 00:00:00,0000-00-00 00:00:00
795,94,防犯カメラ,0000-00-00 00:00:00,0000-00-00 00:00:00
796,94,その他,0000-00-00 00:00:00,0000-00-00 00:00:00
797,95,テレビ,0000-00-00 00:00:00,0000-00-00 00:00:00
798,95,プロジェクター,0000-00-00 00:00:00,0000-00-00 00:00:00
799,95,ブルーレイレコーダー,0000-00-00 00:00:00,0000-00-00 00:00:00
800,95,DVDレコーダー,0000-00-00 00:00:00,0000-00-00 00:00:00
801,95,ブルーレイプレーヤー,0000-00-00 00:00:00,0000-00-00 00:00:00
802,95,映像用ケーブル,0000-00-00 00:00:00,0000-00-00 00:00:00
803,95,その他,0000-00-00 00:00:00,0000-00-00 00:00:00
804,96,ポータブルプレーヤー,0000-00-00 00:00:00,0000-00-00 00:00:00
805,96,イヤフォン,0000-00-00 00:00:00,0000-00-00 00:00:00
806,96,ヘッドフォン,0000-00-00 00:00:00,0000-00-00 00:00:00
807,96,アンプ,0000-00-00 00:00:00,0000-00-00 00:00:00
808,96,スピーカー,0000-00-00 00:00:00,0000-00-00 00:00:00
809,96,ケーブル/シールド,0000-00-00 00:00:00,0000-00-00 00:00:00
810,96,ラジオ,0000-00-00 00:00:00,0000-00-00 00:00:00
811,96,その他,0000-00-00 00:00:00,0000-00-00 00:00:00
812,97,ヘアドライヤー,0000-00-00 00:00:00,0000-00-00 00:00:00
813,97,ヘアアイロン,0000-00-00 00:00:00,0000-00-00 00:00:00
814,97,美容機器,0000-00-00 00:00:00,0000-00-00 00:00:00
815,97,電気シェーバー,0000-00-00 00:00:00,0000-00-00 00:00:00
816,97,電動歯ブラシ,0000-00-00 00:00:00,0000-00-00 00:00:00
817,97,その他,0000-00-00 00:00:00,0000-00-00 00:00:00
818,98,エアコン,0000-00-00 00:00:00,0000-00-00 00:00:00
819,98,空気清浄機,0000-00-00 00:00:00,0000-00-00 00:00:00
820,98,加湿器,0000-00-00 00:00:00,0000-00-00 00:00:00
821,98,扇風機,0000-00-00 00:00:00,0000-00-00 00:00:00
822,98,除湿機,0000-00-00 00:00:00,0000-00-00 00:00:00
823,98,ファンヒーター,0000-00-00 00:00:00,0000-00-00 00:00:00
824,98,電気ヒーター,0000-00-00 00:00:00,0000-00-00 00:00:00
825,98,オイルヒーター,0000-00-00 00:00:00,0000-00-00 00:00:00
826,98,ストーブ,0000-00-00 00:00:00,0000-00-00 00:00:00
827,98,ホットカーペット,0000-00-00 00:00:00,0000-00-00 00:00:00
828,98,こたつ,0000-00-00 00:00:00,0000-00-00 00:00:00
829,98,電気毛布,0000-00-00 00:00:00,0000-00-00 00:00:00
830,98,その他,0000-00-00 00:00:00,0000-00-00 00:00:00
831,99,冷蔵庫,0000-00-00 00:00:00,0000-00-00 00:00:00
832,99,洗濯機,0000-00-00 00:00:00,0000-00-00 00:00:00
833,99,炊飯器,0000-00-00 00:00:00,0000-00-00 00:00:00
834,99,電子レンジ/オーブン,0000-00-00 00:00:00,0000-00-00 00:00:00
835,99,調理機器,0000-00-00 00:00:00,0000-00-00 00:00:00
836,99,アイロン,0000-00-00 00:00:00,0000-00-00 00:00:00
837,99,掃除機,0000-00-00 00:00:00,0000-00-00 00:00:00
838,99,エスプレッソマシン,0000-00-00 00:00:00,0000-00-00 00:00:00
839,99,コーヒーメーカー,0000-00-00 00:00:00,0000-00-00 00:00:00
840,99,衣類乾燥機,0000-00-00 00:00:00,0000-00-00 00:00:00
841,99,その他,0000-00-00 00:00:00,0000-00-00 00:00:00
842,100,その他,0000-00-00 00:00:00,0000-00-00 00:00:00
843,101,クラブ,0000-00-00 00:00:00,0000-00-00 00:00:00
844,101,ウェア(男性用),0000-00-00 00:00:00,0000-00-00 00:00:00
845,101,ウェア(女性用),0000-00-00 00:00:00,0000-00-00 00:00:00
846,101,バッグ,0000-00-00 00:00:00,0000-00-00 00:00:00
847,101,シューズ(男性用),0000-00-00 00:00:00,0000-00-00 00:00:00
848,101,シューズ(女性用),0000-00-00 00:00:00,0000-00-00 00:00:00
849,101,アクセサリー,0000-00-00 00:00:00,0000-00-00 00:00:00
850,101,その他,0000-00-00 00:00:00,0000-00-00 00:00:00
851,102,ロッド,0000-00-00 00:00:00,0000-00-00 00:00:00
852,102,リール,0000-00-00 00:00:00,0000-00-00 00:00:00
853,102,ルアー用品,0000-00-00 00:00:00,0000-00-00 00:00:00
854,102,ウェア,0000-00-00 00:00:00,0000-00-00 00:00:00
855,102,釣り糸/ライン,0000-00-00 00:00:00,0000-00-00 00:00:00
856,102,その他,0000-00-00 00:00:00,0000-00-00 00:00:00
857,103,自転車本体,0000-00-00 00:00:00,0000-00-00 00:00:00
858,103,ウエア,0000-00-00 00:00:00,0000-00-00 00:00:00
859,103,パーツ,0000-00-00 00:00:00,0000-00-00 00:00:00
860,103,アクセサリー,0000-00-00 00:00:00,0000-00-00 00:00:00
861,103,バッグ,0000-00-00 00:00:00,0000-00-00 00:00:00
862,103,工具/メンテナンス,0000-00-00 00:00:00,0000-00-00 00:00:00
863,103,その他,0000-00-00 00:00:00,0000-00-00 00:00:00
864,104,ランニング,0000-00-00 00:00:00,0000-00-00 00:00:00
865,104,ウォーキング,0000-00-00 00:00:00,0000-00-00 00:00:00
866,104,ヨガ,0000-00-00 00:00:00,0000-00-00 00:00:00
867,104,トレーニング用品,0000-00-00 00:00:00,0000-00-00 00:00:00
868,104,その他,0000-00-00 00:00:00,0000-00-00 00:00:00
869,105,ウェア,0000-00-00 00:00:00,0000-00-00 00:00:00
870,105,シューズ,0000-00-00 00:00:00,0000-00-00 00:00:00
871,105,グローブ,0000-00-00 00:00:00,0000-00-00 00:00:00
872,105,バット,0000-00-00 00:00:00,0000-00-00 00:00:00
873,105,アクセサリー,0000-00-00 00:00:00,0000-00-00 00:00:00
874,105,防具,0000-00-00 00:00:00,0000-00-00 00:00:00
875,105,練習機器,0000-00-00 00:00:00,0000-00-00 00:00:00
876,105,応援グッズ,0000-00-00 00:00:00,0000-00-00 00:00:00
877,105,その他,0000-00-00 00:00:00,0000-00-00 00:00:00
878,106,ウェア,0000-00-00 00:00:00,0000-00-00 00:00:00
879,106,シューズ,0000-00-00 00:00:00,0000-00-00 00:00:00
880,106,ボール,0000-00-00 00:00:00,0000-00-00 00:00:00
881,106,アクセサリー,0000-00-00 00:00:00,0000-00-00 00:00:00
882,106,記念グッズ,0000-00-00 00:00:00,0000-00-00 00:00:00
883,106,応援グッズ,0000-00-00 00:00:00,0000-00-00 00:00:00
884,106,その他,0000-00-00 00:00:00,0000-00-00 00:00:00
885,107,ラケット(硬式用),0000-00-00 00:00:00,0000-00-00 00:00:00
886,107,ラケット(軟式用),0000-00-00 00:00:00,0000-00-00 00:00:00
887,107,ウェア,0000-00-00 00:00:00,0000-00-00 00:00:00
888,107,シューズ,0000-00-00 00:00:00,0000-00-00 00:00:00
889,107,ボール,0000-00-00 00:00:00,0000-00-00 00:00:00
890,107,アクセサリー,0000-00-00 00:00:00,0000-00-00 00:00:00
891,107,記念グッズ,0000-00-00 00:00:00,0000-00-00 00:00:00
892,107,応援グッズ,0000-00-00 00:00:00,0000-00-00 00:00:00
893,107,その他,0000-00-00 00:00:00,0000-00-00 00:00:00
894,108,ボード,0000-00-00 00:00:00,0000-00-00 00:00:00
895,108,バインディング,0000-00-00 00:00:00,0000-00-00 00:00:00
896,108,ブーツ(男性用),0000-00-00 00:00:00,0000-00-00 00:00:00
897,108,ブーツ(女性用),0000-00-00 00:00:00,0000-00-00 00:00:00
898,108,ブーツ(子ども用),0000-00-00 00:00:00,0000-00-00 00:00:00
899,108,ウェア/装備(男性用),0000-00-00 00:00:00,0000-00-00 00:00:00
900,108,ウェア/装備(女性用),0000-00-00 00:00:00,0000-00-00 00:00:00
901,108,ウェア/装備(子ども用),0000-00-00 00:00:00,0000-00-00 00:00:00
902,108,アクセサリー,0000-00-00 00:00:00,0000-00-00 00:00:00
903,108,バッグ,0000-00-00 00:00:00,0000-00-00 00:00:00
904,108,その他,0000-00-00 00:00:00,0000-00-00 00:00:00
905,109,ブーツ(男性用),0000-00-00 00:00:00,0000-00-00 00:00:00
906,109,ブーツ(女性用),0000-00-00 00:00:00,0000-00-00 00:00:00
907,109,ブーツ(子ども用),0000-00-00 00:00:00,0000-00-00 00:00:00
908,109,ビンディング,0000-00-00 00:00:00,0000-00-00 00:00:00
909,109,ウェア(男性用),0000-00-00 00:00:00,0000-00-00 00:00:00
910,109,ウェア(女性用),0000-00-00 00:00:00,0000-00-00 00:00:00
911,109,ウェア(子ども用),0000-00-00 00:00:00,0000-00-00 00:00:00
912,109,ストック,0000-00-00 00:00:00,0000-00-00 00:00:00
913,110,その他,0000-00-00 00:00:00,0000-00-00 00:00:00
914,110,ダンス/バレエ,0000-00-00 00:00:00,0000-00-00 00:00:00
915,110,サーフィン,0000-00-00 00:00:00,0000-00-00 00:00:00
916,110,バスケットボール,0000-00-00 00:00:00,0000-00-00 00:00:00
917,110,バドミントン,0000-00-00 00:00:00,0000-00-00 00:00:00
918,110,バレーボール,0000-00-00 00:00:00,0000-00-00 00:00:00
919,110,スケートボード,0000-00-00 00:00:00,0000-00-00 00:00:00
920,110,陸上競技,0000-00-00 00:00:00,0000-00-00 00:00:00
921,110,ラグビー,0000-00-00 00:00:00,0000-00-00 00:00:00
922,110,アメリカンフットボール,0000-00-00 00:00:00,0000-00-00 00:00:00
923,110,ボクシング,0000-00-00 00:00:00,0000-00-00 00:00:00
924,110,ボウリング,0000-00-00 00:00:00,0000-00-00 00:00:00
925,110,その他,0000-00-00 00:00:00,0000-00-00 00:00:00
926,111,テント/タープ,0000-00-00 00:00:00,0000-00-00 00:00:00
927,111,ライト/ランタン,0000-00-00 00:00:00,0000-00-00 00:00:00
928,111,寝袋/寝具,0000-00-00 00:00:00,0000-00-00 00:00:00
929,111,テーブル/チェア,0000-00-00 00:00:00,0000-00-00 00:00:00
930,111,ストーブ/コンロ,0000-00-00 00:00:00,0000-00-00 00:00:00
931,111,調理器具,0000-00-00 00:00:00,0000-00-00 00:00:00
932,111,食器,0000-00-00 00:00:00,0000-00-00 00:00:00
933,111,登山用品,0000-00-00 00:00:00,0000-00-00 00:00:00
934,111,その他,0000-00-00 00:00:00,0000-00-00 00:00:00
935,112,その他,0000-00-00 00:00:00,0000-00-00 00:00:00
936,113,ピアス,0000-00-00 00:00:00,0000-00-00 00:00:00
937,113,イヤリング,0000-00-00 00:00:00,0000-00-00 00:00:00
938,113,ネックレス,0000-00-00 00:00:00,0000-00-00 00:00:00
939,113,ブレスレット,0000-00-00 00:00:00,0000-00-00 00:00:00
940,113,リング,0000-00-00 00:00:00,0000-00-00 00:00:00
941,113,チャーム,0000-00-00 00:00:00,0000-00-00 00:00:00
942,113,ヘアゴム,0000-00-00 00:00:00,0000-00-00 00:00:00
943,113,アンクレット,0000-00-00 00:00:00,0000-00-00 00:00:00
944,113,その他,0000-00-00 00:00:00,0000-00-00 00:00:00
945,114,バッグ(女性用),0000-00-00 00:00:00,0000-00-00 00:00:00
946,114,バッグ(男性用),0000-00-00 00:00:00,0000-00-00 00:00:00
947,114,財布(女性用),0000-00-00 00:00:00,0000-00-00 00:00:00
948,114,財布(男性用),0000-00-00 00:00:00,0000-00-00 00:00:00
949,114,ファッション雑貨,0000-00-00 00:00:00,0000-00-00 00:00:00
950,114,その他,0000-00-00 00:00:00,0000-00-00 00:00:00
951,115,アクセサリー(男性用),0000-00-00 00:00:00,0000-00-00 00:00:00
952,115,時計(女性用),0000-00-00 00:00:00,0000-00-00 00:00:00
953,115,時計(男性用),0000-00-00 00:00:00,0000-00-00 00:00:00
954,115,その他,0000-00-00 00:00:00,0000-00-00 00:00:00
955,116,キッチン用品,0000-00-00 00:00:00,0000-00-00 00:00:00
956,116,家具,0000-00-00 00:00:00,0000-00-00 00:00:00
957,116,文房具,0000-00-00 00:00:00,0000-00-00 00:00:00
958,116,アート/写真,0000-00-00 00:00:00,0000-00-00 00:00:00
959,116,アロマ/キャンドル,0000-00-00 00:00:00,0000-00-00 00:00:00
960,116,フラワー/ガーデン,0000-00-00 00:00:00,0000-00-00 00:00:00
961,116,その他,0000-00-00 00:00:00,0000-00-00 00:00:00
962,117,クラフト/布製品,0000-00-00 00:00:00,0000-00-00 00:00:00
963,117,おもちゃ/人形,0000-00-00 00:00:00,0000-00-00 00:00:00
964,117,その他,0000-00-00 00:00:00,0000-00-00 00:00:00
965,118,ファッション雑貨,0000-00-00 00:00:00,0000-00-00 00:00:00
966,118,スタイ/よだれかけ,0000-00-00 00:00:00,0000-00-00 00:00:00
967,118,外出用品,0000-00-00 00:00:00,0000-00-00 00:00:00
968,118,ネームタグ,0000-00-00 00:00:00,0000-00-00 00:00:00
969,118,その他,0000-00-00 00:00:00,0000-00-00 00:00:00
970,119,各種パーツ,0000-00-00 00:00:00,0000-00-00 00:00:00
971,119,生地/糸,0000-00-00 00:00:00,0000-00-00 00:00:00
972,119,型紙/パターン,0000-00-00 00:00:00,0000-00-00 00:00:00
973,119,その他,0000-00-00 00:00:00,0000-00-00 00:00:00
974,120,Ingress,0000-00-00 00:00:00,0000-00-00 00:00:00
975,120,クリエイターズ宇宙兄弟,0000-00-00 00:00:00,0000-00-00 00:00:00
976,120,その他,0000-00-00 00:00:00,0000-00-00 00:00:00
977,121,その他,0000-00-00 00:00:00,0000-00-00 00:00:00
978,122,男性アイドル,0000-00-00 00:00:00,0000-00-00 00:00:00
979,122,女性アイドル,0000-00-00 00:00:00,0000-00-00 00:00:00
980,122,韓流,0000-00-00 00:00:00,0000-00-00 00:00:00
981,122,国内アーティスト,0000-00-00 00:00:00,0000-00-00 00:00:00
982,122,海外アーティスト,0000-00-00 00:00:00,0000-00-00 00:00:00
983,122,音楽フェス,0000-00-00 00:00:00,0000-00-00 00:00:00
984,122,声優/アニメ,0000-00-00 00:00:00,0000-00-00 00:00:00
985,122,その他,0000-00-00 00:00:00,0000-00-00 00:00:00
986,123,サッカー,0000-00-00 00:00:00,0000-00-00 00:00:00
987,123,野球,0000-00-00 00:00:00,0000-00-00 00:00:00
988,123,テニス,0000-00-00 00:00:00,0000-00-00 00:00:00
989,123,格闘技/プロレス,0000-00-00 00:00:00,0000-00-00 00:00:00
990,123,相撲/武道,0000-00-00 00:00:00,0000-00-00 00:00:00
991,123,ゴルフ,0000-00-00 00:00:00,0000-00-00 00:00:00
992,123,バレーボール,0000-00-00 00:00:00,0000-00-00 00:00:00
993,123,バスケットボール,0000-00-00 00:00:00,0000-00-00 00:00:00
994,123,モータースポーツ,0000-00-00 00:00:00,0000-00-00 00:00:00
995,123,ウィンタースポーツ,0000-00-00 00:00:00,0000-00-00 00:00:00
996,123,その他,0000-00-00 00:00:00,0000-00-00 00:00:00
997,124,ミュージカル,0000-00-00 00:00:00,0000-00-00 00:00:00
998,124,演劇,0000-00-00 00:00:00,0000-00-00 00:00:00
999,124,伝統芸能,0000-00-00 00:00:00,0000-00-00 00:00:00
1000,124,落語,0000-00-00 00:00:00,0000-00-00 00:00:00
1001,124,お笑い,0000-00-00 00:00:00,0000-00-00 00:00:00
1002,124,オペラ,0000-00-00 00:00:00,0000-00-00 00:00:00
1003,124,サーカス,0000-00-00 00:00:00,0000-00-00 00:00:00
1004,124,バレエ,0000-00-00 00:00:00,0000-00-00 00:00:00
1005,124,その他,0000-00-00 00:00:00,0000-00-00 00:00:00
1006,125,声優/アニメ,0000-00-00 00:00:00,0000-00-00 00:00:00
1007,125,キッズ/ファミリー,0000-00-00 00:00:00,0000-00-00 00:00:00
1008,125,トークショー/講演会,0000-00-00 00:00:00,0000-00-00 00:00:00
1009,125,その他,0000-00-00 00:00:00,0000-00-00 00:00:00
1010,126,邦画,0000-00-00 00:00:00,0000-00-00 00:00:00
1011,126,洋画,0000-00-00 00:00:00,0000-00-00 00:00:00
1012,126,その他,0000-00-00 00:00:00,0000-00-00 00:00:00
1013,127,遊園地/テーマパーク,0000-00-00 00:00:00,0000-00-00 00:00:00
1014,127,美術館/博物館,0000-00-00 00:00:00,0000-00-00 00:00:00
1015,127,スキー場,0000-00-00 00:00:00,0000-00-00 00:00:00
1016,127,ゴルフ場,0000-00-00 00:00:00,0000-00-00 00:00:00
1017,127,フィットネスクラブ,0000-00-00 00:00:00,0000-00-00 00:00:00
1018,127,プール,0000-00-00 00:00:00,0000-00-00 00:00:00
1019,127,ボウリング場,0000-00-00 00:00:00,0000-00-00 00:00:00
1020,127,水族館,0000-00-00 00:00:00,0000-00-00 00:00:00
1021,127,動物園,0000-00-00 00:00:00,0000-00-00 00:00:00
1022,127,その他,0000-00-00 00:00:00,0000-00-00 00:00:00
1023,128,ショッピング,0000-00-00 00:00:00,0000-00-00 00:00:00
1024,128,レストラン/食事券,0000-00-00 00:00:00,0000-00-00 00:00:00
1025,128,フード/ドリンク券,0000-00-00 00:00:00,0000-00-00 00:00:00
1026,128,宿泊券,0000-00-00 00:00:00,0000-00-00 00:00:00
1027,128,その他,0000-00-00 00:00:00,0000-00-00 00:00:00
1028,129,その他,0000-00-00 00:00:00,0000-00-00 00:00:00
1029,130,国内自動車本体,0000-00-00 00:00:00,0000-00-00 00:00:00
1030,130,外国自動車本体,0000-00-00 00:00:00,0000-00-00 00:00:00
1031,131,タイヤ/ホイールセット,0000-00-00 00:00:00,0000-00-00 00:00:00
1032,131,タイヤ,0000-00-00 00:00:00,0000-00-00 00:00:00
1033,131,ホイール,0000-00-00 00:00:00,0000-00-00 00:00:00
1034,131,その他,0000-00-00 00:00:00,0000-00-00 00:00:00
1035,132,サスペンション,0000-00-00 00:00:00,0000-00-00 00:00:00
1036,132,ブレーキ,0000-00-00 00:00:00,0000-00-00 00:00:00
1037,132,外装/エアロパーツ,0000-00-00 00:00:00,0000-00-00 00:00:00
1038,132,ライト,0000-00-00 00:00:00,0000-00-00 00:00:00
1039,132,内装品/シート,0000-00-00 00:00:00,0000-00-00 00:00:00
1040,132,ステアリング,0000-00-00 00:00:00,0000-00-00 00:00:00
1041,132,マフラー/排気系,0000-00-00 00:00:00,0000-00-00 00:00:00
1042,132,エンジン/過給器/冷却装置,0000-00-00 00:00:00,0000-00-00 00:00:00
1043,132,クラッチ/ミッション/駆動系,0000-00-00 00:00:00,0000-00-00 00:00:00
1044,132,電装品,0000-00-00 00:00:00,0000-00-00 00:00:00
1045,132,補強パーツ,0000-00-00 00:00:00,0000-00-00 00:00:00
1046,132,汎用パーツ,0000-00-00 00:00:00,0000-00-00 00:00:00
1047,132,外国自動車用パーツ,0000-00-00 00:00:00,0000-00-00 00:00:00
1048,132,その他,0000-00-00 00:00:00,0000-00-00 00:00:00
1049,133,車内アクセサリー,0000-00-00 00:00:00,0000-00-00 00:00:00
1050,133,カーナビ,0000-00-00 00:00:00,0000-00-00 00:00:00
1051,133,カーオーディオ,0000-00-00 00:00:00,0000-00-00 00:00:00
1052,133,車外アクセサリー,0000-00-00 00:00:00,0000-00-00 00:00:00
1053,133,メンテナンス用品,0000-00-00 00:00:00,0000-00-00 00:00:00
1054,133,チャイルドシート,0000-00-00 00:00:00,0000-00-00 00:00:00
1055,133,ドライブレコーダー,0000-00-00 00:00:00,0000-00-00 00:00:00
1056,133,レーダー探知機,0000-00-00 00:00:00,0000-00-00 00:00:00
1057,133,カタログ/マニュアル,0000-00-00 00:00:00,0000-00-00 00:00:00
1058,133,セキュリティ,0000-00-00 00:00:00,0000-00-00 00:00:00
1059,133,ETC,0000-00-00 00:00:00,0000-00-00 00:00:00
1060,133,その他,0000-00-00 00:00:00,0000-00-00 00:00:00
1061,134,オートバイ車体,0000-00-00 00:00:00,0000-00-00 00:00:00
1062,135,タイヤ,0000-00-00 00:00:00,0000-00-00 00:00:00
1063,135,マフラー,0000-00-00 00:00:00,0000-00-00 00:00:00
1064,135,エンジン/冷却装置,0000-00-00 00:00:00,0000-00-00 00:00:00
1065,135,カウル/フェンダー/外装,0000-00-00 00:00:00,0000-00-00 00:00:00
1066,135,サスペンション,0000-00-00 00:00:00,0000-00-00 00:00:00
1067,135,ホイール,0000-00-00 00:00:00,0000-00-00 00:00:00
1068,135,シート,0000-00-00 00:00:00,0000-00-00 00:00:00
1069,135,ブレーキ,0000-00-00 00:00:00,0000-00-00 00:00:00
1070,135,タンク,0000-00-00 00:00:00,0000-00-00 00:00:00
1071,135,ライト/ウィンカー,0000-00-00 00:00:00,0000-00-00 00:00:00
1072,135,チェーン/スプロケット/駆動系,0000-00-00 00:00:00,0000-00-00 00:00:00
1073,135,メーター,0000-00-00 00:00:00,0000-00-00 00:00:00
1074,135,電装系,0000-00-00 00:00:00,0000-00-00 00:00:00
1075,135,ミラー,0000-00-00 00:00:00,0000-00-00 00:00:00
1076,135,外国オートバイ用パーツ,0000-00-00 00:00:00,0000-00-00 00:00:00
1077,135,その他,0000-00-00 00:00:00,0000-00-00 00:00:00
1078,136,ヘルメット/シールド,0000-00-00 00:00:00,0000-00-00 00:00:00
1079,136,バイクウェア/装備,0000-00-00 00:00:00,0000-00-00 00:00:00
1080,136,アクセサリー,0000-00-00 00:00:00,0000-00-00 00:00:00
1081,136,メンテナンス,0000-00-00 00:00:00,0000-00-00 00:00:00
1082,136,カタログ/マニュアル,0000-00-00 00:00:00,0000-00-00 00:00:00
1083,136,その他,0000-00-00 00:00:00,0000-00-00 00:00:00
1084,137,まとめ売り,0000-00-00 00:00:00,0000-00-00 00:00:00
1085,138,ペットフード,0000-00-00 00:00:00,0000-00-00 00:00:00
1086,138,犬用品,0000-00-00 00:00:00,0000-00-00 00:00:00
1087,138,猫用品,0000-00-00 00:00:00,0000-00-00 00:00:00
1088,138,魚用品/水草,0000-00-00 00:00:00,0000-00-00 00:00:00
1089,138,小動物用品,0000-00-00 00:00:00,0000-00-00 00:00:00
1090,138,爬虫類/両生類用品,0000-00-00 00:00:00,0000-00-00 00:00:00
1091,138,かご/おり,0000-00-00 00:00:00,0000-00-00 00:00:00
1092,138,鳥用品,0000-00-00 00:00:00,0000-00-00 00:00:00
1093,138,虫類用品,0000-00-00 00:00:00,0000-00-00 00:00:00
1094,138,その他,0000-00-00 00:00:00,0000-00-00 00:00:00
1095,139,菓子,0000-00-00 00:00:00,0000-00-00 00:00:00
1096,139,米,0000-00-00 00:00:00,0000-00-00 00:00:00
1097,139,野菜,0000-00-00 00:00:00,0000-00-00 00:00:00
1098,139,果物,0000-00-00 00:00:00,0000-00-00 00:00:00
1099,139,調味料,0000-00-00 00:00:00,0000-00-00 00:00:00
1100,139,魚介類(加工食品),0000-00-00 00:00:00,0000-00-00 00:00:00
1101,139,肉類(加工食品),0000-00-00 00:00:00,0000-00-00 00:00:00
1102,139,その他の加工食品,0000-00-00 00:00:00,0000-00-00 00:00:00
1103,139,その他,0000-00-00 00:00:00,0000-00-00 00:00:00
1104,140,コーヒー,0000-00-00 00:00:00,0000-00-00 00:00:00
1105,140,ソフトドリンク,0000-00-00 00:00:00,0000-00-00 00:00:00
1106,140,ミネラルウォーター,0000-00-00 00:00:00,0000-00-00 00:00:00
1107,140,茶,0000-00-00 00:00:00,0000-00-00 00:00:00
1108,140,ウイスキー,0000-00-00 00:00:00,0000-00-00 00:00:00
1109,140,ワイン,0000-00-00 00:00:00,0000-00-00 00:00:00
1110,140,ブランデー,0000-00-00 00:00:00,0000-00-00 00:00:00
1111,140,焼酎,0000-00-00 00:00:00,0000-00-00 00:00:00
1112,140,日本酒,0000-00-00 00:00:00,0000-00-00 00:00:00
1113,140,ビール/発泡酒,0000-00-00 00:00:00,0000-00-00 00:00:00
1114,140,その他,0000-00-00 00:00:00,0000-00-00 00:00:00
1115,141,タオル/バス用品,0000-00-00 00:00:00,0000-00-00 00:00:00
1116,141,日用品/生活雑貨,0000-00-00 00:00:00,0000-00-00 00:00:00
1117,141,洗剤/柔軟剤,0000-00-00 00:00:00,0000-00-00 00:00:00
1118,141,旅行用品,0000-00-00 00:00:00,0000-00-00 00:00:00
1119,141,防災関連グッズ,0000-00-00 00:00:00,0000-00-00 00:00:00
1120,141,その他,0000-00-00 00:00:00,0000-00-00 00:00:00
1121,142,雑貨,0000-00-00 00:00:00,0000-00-00 00:00:00
1122,142,工芸品,0000-00-00 00:00:00,0000-00-00 00:00:00
1123,142,家具,0000-00-00 00:00:00,0000-00-00 00:00:00
1124,142,印刷物,0000-00-00 00:00:00,0000-00-00 00:00:00
1125,142,その他,0000-00-00 00:00:00,0000-00-00 00:00:00
1126,143,筆記具,0000-00-00 00:00:00,0000-00-00 00:00:00
1127,143,ノート/メモ帳,0000-00-00 00:00:00,0000-00-00 00:00:00
1128,143,テープ/マスキングテープ,0000-00-00 00:00:00,0000-00-00 00:00:00
1129,143,カレンダー/スケジュール,0000-00-00 00:00:00,0000-00-00 00:00:00
1130,143,アルバム/スクラップ,0000-00-00 00:00:00,0000-00-00 00:00:00
1131,143,ファイル/バインダー,0000-00-00 00:00:00,0000-00-00 00:00:00
1132,143,はさみ/カッター,0000-00-00 00:00:00,0000-00-00 00:00:00
1133,143,カードホルダー/名刺管理,0000-00-00 00:00:00,0000-00-00 00:00:00
1134,143,のり/ホッチキス,0000-00-00 00:00:00,0000-00-00 00:00:00
1135,143,その他,0000-00-00 00:00:00,0000-00-00 00:00:00
1136,144,オフィス用品一般,0000-00-00 00:00:00,0000-00-00 00:00:00
1137,144,オフィス家具,0000-00-00 00:00:00,0000-00-00 00:00:00
1138,144,店舗用品,0000-00-00 00:00:00,0000-00-00 00:00:00
1139,144,OA機器,0000-00-00 00:00:00,0000-00-00 00:00:00
1140,144,ラッピング/包装,0000-00-00 00:00:00,0000-00-00 00:00:00
1141,144,その他,0000-00-00 00:00:00,0000-00-00 00:00:00